relative_path,label,group_id,source_label,source
노크_목재/99B4DA4D5CF6E0CC0F.mp3,노크_목재,targetsrc_5c7de4766ff3,노크_목재,existing_target
노크_목재/99B90E4C5CF6DF0A0F.mp3,노크_목재,targetsrc_706cc505b489,노크_목재,existing_target
노크_목재/99F0A43D5CF6E89127.mp3,노크_목재,targetsrc_0ef4af8e6c3c,노크_목재,existing_target
노크_목재/99F432365CF6DF9D10.mp3,노크_목재,targetsrc_cdaf47da3ec3,노크_목재,existing_target
노크_목재/991AED3A5CF6E6B014.mp3,노크_목재,targetsrc_5c7bdfbe317e,노크_목재,existing_target
노크_목재/995D7E345CF6F8A221.mp3,노크_목재,targetsrc_984a3b5994d9,노크_목재,existing_target
노크_목재/998A57375CF6DD1010.mp3,노크_목재,targetsrc_212e5c369907,노크_목재,existing_target
노크_목재/9928CD4B5CF6E7BB13.mp3,노크_목재,targetsrc_a4ea1b86e3b4,노크_목재,existing_target
노크_목재/9940CB355CF6E60415.mp3,노크_목재,targetsrc_d8436b5d6e33,노크_목재,existing_target
노크_목재/9998D2435CF6E03711.mp3,노크_목재,targetsrc_f2eb0295196c,노크_목재,existing_target
노크_목재/26188__fogma__shop-door-knocks-original.wav,노크_목재,targetsrc_cbd0368e5c83,노크_목재,existing_target
노크_목재/81001__payattention__knock-on-door.mp3,노크_목재,targetsrc_599fc859c403,노크_목재,existing_target
노크_목재/256513__deleted_user_4772965__knock-on-the-door.wav,노크_목재,targetsrc_557a13aa7650,노크_목재,existing_target
노크_목재/267931__anagar__knock_the_door.wav,노크_목재,targetsrc_65e8d8253c8b,노크_목재,existing_target
노크_목재/410362__benjaminnelan__metal-knocking.wav,노크_목재,targetsrc_01f7c2916a07,노크_목재,existing_target
노크_목재/494569__775noise__wooden-door-knock.wav,노크_목재,targetsrc_d6495c799c14,노크_목재,existing_target
노크_목재/806182_방 문 노크소리.mp3,노크_목재,targetsrc_f98780f95aab,노크_목재,existing_target
노크_목재/841281__blou27__door-knock-1.wav,노크_목재,targetsrc_eb00877069a8,노크_목재,existing_target
노크_철재문/99BA524C5CF6DE2D0E.mp3,노크_철재문,targetsrc_d3a213d10db8,노크_철재문,existing_target
노크_철재문/991B4B4A5CF6F7CE1D.mp3,노크_철재문,targetsrc_64db8005dbbc,노크_철재문,existing_target
노크_철재문/경대로7길 (mp3cut.net) (1).mp3,노크_철재문,targetsrc_101ae74e95f5,노크_철재문,existing_target
노크_철재문/경대로7길 (mp3cut.net) (2).mp3,노크_철재문,targetsrc_101ae74e95f5,노크_철재문,existing_target
노크_철재문/경대로7길 (mp3cut.net).mp3,노크_철재문,targetsrc_101ae74e95f5,노크_철재문,existing_target
노크_철재문/대현동 (mp3cut.net) (1).mp3,노크_철재문,targetsrc_311e7e6d5526,노크_철재문,existing_target
노크_철재문/대현동 (mp3cut.net).mp3,노크_철재문,targetsrc_311e7e6d5526,노크_철재문,existing_target
노크_철재문/대현동 2 (mp3cut.net) (1).mp3,노크_철재문,targetsrc_8fff22690cba,노크_철재문,existing_target
노크_철재문/대현동 2 (mp3cut.net) (2).mp3,노크_철재문,targetsrc_8fff22690cba,노크_철재문,existing_target
노크_철재문/대현동 2 (mp3cut.net).mp3,노크_철재문,targetsrc_8fff22690cba,노크_철재문,existing_target
노크_철재문/대현동 3 (mp3cut.net) (1).mp3,노크_철재문,targetsrc_d57f53941132,노크_철재문,existing_target
노크_철재문/대현동 3 (mp3cut.net).mp3,노크_철재문,targetsrc_d57f53941132,노크_철재문,existing_target
노크_철재문/철재 (mp3cut.net) (1).mp3,노크_철재문,targetsrc_614cbcc39ab4,노크_철재문,existing_target
노크_철재문/철재 (mp3cut.net) (2).mp3,노크_철재문,targetsrc_614cbcc39ab4,노크_철재문,existing_target
노크_철재문/철재 (mp3cut.net).mp3,노크_철재문,targetsrc_614cbcc39ab4,노크_철재문,existing_target
도어락_개방음/대현동 4 (mp3cut.net).mp3,도어락_개방음,targetsrc_b4a243511884,도어락_개방음,existing_target
도어락_개방음/대현동 5 (mp3cut.net) (1).mp3,도어락_개방음,targetsrc_d12d7585a95c,도어락_개방음,existing_target
도어락_개방음/대현동 5 (mp3cut.net).mp3,도어락_개방음,targetsrc_d12d7585a95c,도어락_개방음,existing_target
도어락_개방음/도어락1.mp3,도어락_개방음,targetsrc_d2610377f796,도어락_개방음,existing_target
도어락_개방음/도어락2.wav,도어락_개방음,targetsrc_66e51142fc89,도어락_개방음,existing_target
도어락_개방음/도어락3.wav,도어락_개방음,targetsrc_33c8e6ae1d73,도어락_개방음,existing_target
도어락_개방음/도어락4.wav,도어락_개방음,targetsrc_9a9fb09c57d3,도어락_개방음,existing_target
도어락_개방음/도어락5.wav,도어락_개방음,targetsrc_c4afd98d56d8,도어락_개방음,existing_target
도어락_개방음/도어락6.wav,도어락_개방음,targetsrc_090bb3f3c1e0,도어락_개방음,existing_target
도어락_개방음/도어락9.wav,도어락_개방음,targetsrc_41d3a5c6731d,도어락_개방음,existing_target
도어락_개방음/도어락10.wav,도어락_개방음,targetsrc_924d3afc6bc9,도어락_개방음,existing_target
도어락_개방음/도어락16.mp3,도어락_개방음,targetsrc_17dd2edd1473,도어락_개방음,existing_target
도어락_개방음/도어락18.mp3,도어락_개방음,targetsrc_ee1ff5693a25,도어락_개방음,existing_target
도어락_개방음/도어락21.mp3,도어락_개방음,targetsrc_ed3ea99c0658,도어락_개방음,existing_target
도어락_개방음/도어락25.mp3,도어락_개방음,targetsrc_1156836e957a,도어락_개방음,existing_target
도어락_입력음/강아지 도어락 소리 훈련_[cut_2sec].mp3,도어락_입력음,targetsrc_ccf3408cb5fa,도어락_입력음,existing_target
도어락_입력음/도어락7_[cut_2sec] (2).mp3,도어락_입력음,targetsrc_771f81643ef1,도어락_입력음,existing_target
도어락_입력음/도어락11_[cut_2sec].mp3,도어락_입력음,targetsrc_dc57d20eef26,도어락_입력음,existing_target
도어락_입력음/도어락12_[cut_4sec].mp3,도어락_입력음,targetsrc_889b285cbf3b,도어락_입력음,existing_target
도어락_입력음/도어락13_[cut_2sec] (1).mp3,도어락_입력음,targetsrc_d98528ddc1f1,도어락_입력음,existing_target
도어락_입력음/도어락14_[cut_4sec].mp3,도어락_입력음,targetsrc_2bc815d62634,도어락_입력음,existing_target
도어락_입력음/도어락17_[cut_4sec].mp3,도어락_입력음,targetsrc_30ce57b24dec,도어락_입력음,existing_target
도어락_입력음/도어락19_[cut_4sec].mp3,도어락_입력음,targetsrc_f4fe1172bbdb,도어락_입력음,existing_target
도어락_입력음/도어락20_[cut_2sec].mp3,도어락_입력음,targetsrc_dea15beb6eec,도어락_입력음,existing_target
도어락_입력음/도어락22_[cut_2sec] (1).mp3,도어락_입력음,targetsrc_a77a201f6f44,도어락_입력음,existing_target
도어락_입력음/도어락24_[cut_5sec].mp3,도어락_입력음,targetsrc_bcc32c300eea,도어락_입력음,existing_target
도어락_입력음/도어락26_[cut_5sec].mp3,도어락_입력음,targetsrc_a7a3606169db,도어락_입력음,existing_target
도어락_입력음/도어락28_[cut_4sec].mp3,도어락_입력음,targetsrc_35f83f7fdf98,도어락_입력음,existing_target
도어락_입력음/도어락29_[cut_2sec] (1).mp3,도어락_입력음,targetsrc_e19d821a7dc1,도어락_입력음,existing_target
도어락_입력음/도어락30_[cut_2sec] (1).mp3,도어락_입력음,targetsrc_eb61796601e2,도어락_입력음,existing_target
도어락_입력음/밀레 도어락 볼륨 조절하는 방법은 #  비밀번호  #  2 혹은 3으로 볼륨강도 조절  # 눌러 설정변경_[cut_4sec].mp3,도어락_입력음,targetsrc_c13e336be75a,도어락_입력음,existing_target
사이렌_삐뽀삐뽀/사이렌1_[cut_2sec].mp3,사이렌_삐뽀삐뽀,targetsrc_c8cdaed0124f,사이렌_삐뽀삐뽀,existing_target
사이렌_삐뽀삐뽀/사이렌1_[cut_3sec].mp3,사이렌_삐뽀삐뽀,targetsrc_c8cdaed0124f,사이렌_삐뽀삐뽀,existing_target
사이렌_삐뽀삐뽀/사이렌1.m4a,사이렌_삐뽀삐뽀,targetsrc_c8cdaed0124f,사이렌_삐뽀삐뽀,existing_target
사이렌_삐뽀삐뽀/사이렌2_[cut_4sec].mp3,사이렌_삐뽀삐뽀,targetsrc_5b60449866b0,사이렌_삐뽀삐뽀,existing_target
사이렌_삐뽀삐뽀/사이렌2_[cut_5sec].mp3,사이렌_삐뽀삐뽀,targetsrc_5b60449866b0,사이렌_삐뽀삐뽀,existing_target
사이렌_삐뽀삐뽀/사이렌2.m4a,사이렌_삐뽀삐뽀,targetsrc_5b60449866b0,사이렌_삐뽀삐뽀,existing_target
사이렌_삐뽀삐뽀/사이렌3_[cut_3sec].mp3,사이렌_삐뽀삐뽀,targetsrc_d8a6ebd145c3,사이렌_삐뽀삐뽀,existing_target
사이렌_삐뽀삐뽀/사이렌3_[cut_4sec] (1).mp3,사이렌_삐뽀삐뽀,targetsrc_d8a6ebd145c3,사이렌_삐뽀삐뽀,existing_target
사이렌_삐뽀삐뽀/사이렌3_[cut_4sec].mp3,사이렌_삐뽀삐뽀,targetsrc_d8a6ebd145c3,사이렌_삐뽀삐뽀,existing_target
사이렌_삐뽀삐뽀/사이렌3.m4a,사이렌_삐뽀삐뽀,targetsrc_d8a6ebd145c3,사이렌_삐뽀삐뽀,existing_target
사이렌_삐뽀삐뽀/사이렌6_[cut_4sec] (1).mp3,사이렌_삐뽀삐뽀,targetsrc_9a5132d6bb48,사이렌_삐뽀삐뽀,existing_target
사이렌_삐뽀삐뽀/사이렌6_[cut_4sec] (2).mp3,사이렌_삐뽀삐뽀,targetsrc_9a5132d6bb48,사이렌_삐뽀삐뽀,existing_target
사이렌_삐뽀삐뽀/사이렌6_[cut_4sec] (3).mp3,사이렌_삐뽀삐뽀,targetsrc_9a5132d6bb48,사이렌_삐뽀삐뽀,existing_target
사이렌_삐뽀삐뽀/사이렌6_[cut_4sec] (4).mp3,사이렌_삐뽀삐뽀,targetsrc_9a5132d6bb48,사이렌_삐뽀삐뽀,existing_target
사이렌_삐뽀삐뽀/사이렌6_[cut_4sec].mp3,사이렌_삐뽀삐뽀,targetsrc_9a5132d6bb48,사이렌_삐뽀삐뽀,existing_target
사이렌_삐뽀삐뽀/사이렌6.m4a,사이렌_삐뽀삐뽀,targetsrc_9a5132d6bb48,사이렌_삐뽀삐뽀,existing_target
사이렌_삐뽀삐뽀/사이렌7_[cut_2sec] (1).mp3,사이렌_삐뽀삐뽀,targetsrc_f76ac5076d8d,사이렌_삐뽀삐뽀,existing_target
사이렌_삐뽀삐뽀/사이렌7_[cut_2sec] (2).mp3,사이렌_삐뽀삐뽀,targetsrc_f76ac5076d8d,사이렌_삐뽀삐뽀,existing_target
사이렌_삐뽀삐뽀/사이렌7_[cut_2sec] (3).mp3,사이렌_삐뽀삐뽀,targetsrc_f76ac5076d8d,사이렌_삐뽀삐뽀,existing_target
사이렌_삐뽀삐뽀/사이렌7_[cut_2sec].mp3,사이렌_삐뽀삐뽀,targetsrc_f76ac5076d8d,사이렌_삐뽀삐뽀,existing_target
사이렌_삐뽀삐뽀/사이렌7.m4a,사이렌_삐뽀삐뽀,targetsrc_f76ac5076d8d,사이렌_삐뽀삐뽀,existing_target
사이렌_삐뽀삐뽀/사이렌8_[cut_2sec].mp3,사이렌_삐뽀삐뽀,targetsrc_a409049df013,사이렌_삐뽀삐뽀,existing_target
사이렌_삐뽀삐뽀/사이렌8_[cut_3sec].mp3,사이렌_삐뽀삐뽀,targetsrc_a409049df013,사이렌_삐뽀삐뽀,existing_target
사이렌_삐뽀삐뽀/사이렌8_[cut_4sec] (1).mp3,사이렌_삐뽀삐뽀,targetsrc_a409049df013,사이렌_삐뽀삐뽀,existing_target
사이렌_삐뽀삐뽀/사이렌8_[cut_4sec] (2).mp3,사이렌_삐뽀삐뽀,targetsrc_a409049df013,사이렌_삐뽀삐뽀,existing_target
사이렌_삐뽀삐뽀/사이렌8_[cut_4sec] (3).mp3,사이렌_삐뽀삐뽀,targetsrc_a409049df013,사이렌_삐뽀삐뽀,existing_target
사이렌_삐뽀삐뽀/사이렌8_[cut_4sec] (4).mp3,사이렌_삐뽀삐뽀,targetsrc_a409049df013,사이렌_삐뽀삐뽀,existing_target
사이렌_삐뽀삐뽀/사이렌8_[cut_4sec] (5).mp3,사이렌_삐뽀삐뽀,targetsrc_a409049df013,사이렌_삐뽀삐뽀,existing_target
사이렌_삐뽀삐뽀/사이렌8_[cut_4sec].mp3,사이렌_삐뽀삐뽀,targetsrc_a409049df013,사이렌_삐뽀삐뽀,existing_target
사이렌_삐뽀삐뽀/사이렌8.m4a,사이렌_삐뽀삐뽀,targetsrc_a409049df013,사이렌_삐뽀삐뽀,existing_target
사이렌_삐뽀삐뽀/사이렌10.m4a,사이렌_삐뽀삐뽀,targetsrc_22c538029fd3,사이렌_삐뽀삐뽀,existing_target
사이렌_삐뽀삐뽀/사이렌10_[cut_2sec] (3).mp3,사이렌_삐뽀삐뽀,targetsrc_22c538029fd3,사이렌_삐뽀삐뽀,existing_target
사이렌_삐뽀삐뽀/사이렌10_[cut_2sec] (4).mp3,사이렌_삐뽀삐뽀,targetsrc_22c538029fd3,사이렌_삐뽀삐뽀,existing_target
사이렌_삐뽀삐뽀/사이렌10_[cut_3sec] (1).mp3,사이렌_삐뽀삐뽀,targetsrc_22c538029fd3,사이렌_삐뽀삐뽀,existing_target
사이렌_삐뽀삐뽀/사이렌10_[cut_3sec] (2).mp3,사이렌_삐뽀삐뽀,targetsrc_22c538029fd3,사이렌_삐뽀삐뽀,existing_target
사이렌_삐뽀삐뽀/사이렌10_[cut_3sec].mp3,사이렌_삐뽀삐뽀,targetsrc_22c538029fd3,사이렌_삐뽀삐뽀,existing_target
사이렌_삐뽀삐뽀/사이렌9.m4a,사이렌_삐뽀삐뽀,targetsrc_1eb958553da8,사이렌_삐뽀삐뽀,existing_target
사이렌_삐뽀삐뽀/사이렌9_[cut_2sec] (4).mp3,사이렌_삐뽀삐뽀,targetsrc_1eb958553da8,사이렌_삐뽀삐뽀,existing_target
사이렌_삐뽀삐뽀/사이렌9_[cut_2sec] (5).mp3,사이렌_삐뽀삐뽀,targetsrc_1eb958553da8,사이렌_삐뽀삐뽀,existing_target
사이렌_삐뽀삐뽀/사이렌9_[cut_3sec] (12).mp3,사이렌_삐뽀삐뽀,targetsrc_1eb958553da8,사이렌_삐뽀삐뽀,existing_target
사이렌_삐뽀삐뽀/사이렌9_[cut_3sec] (13).mp3,사이렌_삐뽀삐뽀,targetsrc_1eb958553da8,사이렌_삐뽀삐뽀,existing_target
사이렌_삐뽀삐뽀/사이렌9_[cut_3sec] (14).mp3,사이렌_삐뽀삐뽀,targetsrc_1eb958553da8,사이렌_삐뽀삐뽀,existing_target
사이렌_삐뽀삐뽀/사이렌9_[cut_3sec] (15).mp3,사이렌_삐뽀삐뽀,targetsrc_1eb958553da8,사이렌_삐뽀삐뽀,existing_target
사이렌_삐뽀삐뽀/사이렌9_[cut_3sec] (16).mp3,사이렌_삐뽀삐뽀,targetsrc_1eb958553da8,사이렌_삐뽀삐뽀,existing_target
사이렌_삐뽀삐뽀/사이렌9_[cut_3sec] (17).mp3,사이렌_삐뽀삐뽀,targetsrc_1eb958553da8,사이렌_삐뽀삐뽀,existing_target
사이렌_삐뽀삐뽀/사이렌9_[cut_3sec] (18).mp3,사이렌_삐뽀삐뽀,targetsrc_1eb958553da8,사이렌_삐뽀삐뽀,existing_target
사이렌_삐뽀삐뽀/사이렌9_[cut_3sec] (19).mp3,사이렌_삐뽀삐뽀,targetsrc_1eb958553da8,사이렌_삐뽀삐뽀,existing_target
사이렌_안내음/사이렌9_[cut_2sec] (2).mp3,사이렌_안내음,targetsrc_1eb958553da8,사이렌_안내음,existing_target
사이렌_안내음/사이렌9_[cut_2sec] (3).mp3,사이렌_안내음,targetsrc_1eb958553da8,사이렌_안내음,existing_target
사이렌_안내음/사이렌9_[cut_2sec].mp3,사이렌_안내음,targetsrc_1eb958553da8,사이렌_안내음,existing_target
사이렌_안내음/사이렌9_[cut_3sec] (1).mp3,사이렌_안내음,targetsrc_1eb958553da8,사이렌_안내음,existing_target
사이렌_안내음/사이렌9_[cut_3sec] (2).mp3,사이렌_안내음,targetsrc_1eb958553da8,사이렌_안내음,existing_target
사이렌_안내음/사이렌9_[cut_3sec] (3).mp3,사이렌_안내음,targetsrc_1eb958553da8,사이렌_안내음,existing_target
사이렌_안내음/사이렌9_[cut_3sec] (7).mp3,사이렌_안내음,targetsrc_1eb958553da8,사이렌_안내음,existing_target
사이렌_안내음/사이렌9_[cut_3sec] (8).mp3,사이렌_안내음,targetsrc_1eb958553da8,사이렌_안내음,existing_target
사이렌_안내음/사이렌9_[cut_3sec] (9).mp3,사이렌_안내음,targetsrc_1eb958553da8,사이렌_안내음,existing_target
사이렌_안내음/사이렌9_[cut_3sec] (10).mp3,사이렌_안내음,targetsrc_1eb958553da8,사이렌_안내음,existing_target
사이렌_안내음/사이렌9_[cut_3sec] (11).mp3,사이렌_안내음,targetsrc_1eb958553da8,사이렌_안내음,existing_target
사이렌_안내음/사이렌9_[cut_3sec].mp3,사이렌_안내음,targetsrc_1eb958553da8,사이렌_안내음,existing_target
사이렌_안내음/사이렌9_[cut_5sec].mp3,사이렌_안내음,targetsrc_1eb958553da8,사이렌_안내음,existing_target
사이렌_안내음/사이렌10_[cut_4sec].mp3,사이렌_안내음,targetsrc_22c538029fd3,사이렌_안내음,existing_target
사이렌_안내음/사이렌11_[cut_2sec].mp3,사이렌_안내음,targetsrc_85bfcd364c31,사이렌_안내음,existing_target
사이렌_안내음/사이렌11_[cut_3sec] (2).mp3,사이렌_안내음,targetsrc_85bfcd364c31,사이렌_안내음,existing_target
사이렌_안내음/사이렌11_[cut_3sec].mp3,사이렌_안내음,targetsrc_85bfcd364c31,사이렌_안내음,existing_target
사이렌_안내음/사이렌12_[cut_2sec] (4).mp3,사이렌_안내음,targetsrc_506f7bd14845,사이렌_안내음,existing_target
사이렌_안내음/사이렌12_[cut_3sec] (4).mp3,사이렌_안내음,targetsrc_506f7bd14845,사이렌_안내음,existing_target
사이렌_안내음/사이렌12_[cut_4sec] (2).mp3,사이렌_안내음,targetsrc_506f7bd14845,사이렌_안내음,existing_target
사이렌_안내음/사이렌12_[cut_5sec] (1).mp3,사이렌_안내음,targetsrc_506f7bd14845,사이렌_안내음,existing_target
사이렌_안내음/사이렌12_[cut_5sec] (2).mp3,사이렌_안내음,targetsrc_506f7bd14845,사이렌_안내음,existing_target
사이렌_안내음/사이렌12_[cut_6sec] (1).mp3,사이렌_안내음,targetsrc_506f7bd14845,사이렌_안내음,existing_target
사이렌_안내음/사이렌12_[cut_6sec].mp3,사이렌_안내음,targetsrc_506f7bd14845,사이렌_안내음,existing_target
사이렌_안내음/사이렌12_[cut_7sec].mp3,사이렌_안내음,targetsrc_506f7bd14845,사이렌_안내음,existing_target
사이렌_애애애애앵/사이렌9_[cut_2sec] (6).mp3,사이렌_애애애애앵,targetsrc_1eb958553da8,사이렌_애애애애앵,existing_target
사이렌_애애애애앵/사이렌9_[cut_3sec] (4).mp3,사이렌_애애애애앵,targetsrc_1eb958553da8,사이렌_애애애애앵,existing_target
사이렌_애애애애앵/사이렌9_[cut_3sec] (5).mp3,사이렌_애애애애앵,targetsrc_1eb958553da8,사이렌_애애애애앵,existing_target
사이렌_애애애애앵/사이렌9_[cut_3sec] (20).mp3,사이렌_애애애애앵,targetsrc_1eb958553da8,사이렌_애애애애앵,existing_target
사이렌_애애애애앵/사이렌9_[cut_3sec] (21).mp3,사이렌_애애애애앵,targetsrc_1eb958553da8,사이렌_애애애애앵,existing_target
사이렌_애애애애앵/사이렌9_[cut_3sec] (22).mp3,사이렌_애애애애앵,targetsrc_1eb958553da8,사이렌_애애애애앵,existing_target
사이렌_애애애애앵/사이렌9_[cut_3sec] (23).mp3,사이렌_애애애애앵,targetsrc_1eb958553da8,사이렌_애애애애앵,existing_target
사이렌_애애애애앵/사이렌10_[cut_2sec] (1).mp3,사이렌_애애애애앵,targetsrc_22c538029fd3,사이렌_애애애애앵,existing_target
사이렌_애애애애앵/사이렌10_[cut_2sec] (2).mp3,사이렌_애애애애앵,targetsrc_22c538029fd3,사이렌_애애애애앵,existing_target
사이렌_애애애애앵/사이렌10_[cut_2sec] (5).mp3,사이렌_애애애애앵,targetsrc_22c538029fd3,사이렌_애애애애앵,existing_target
사이렌_애애애애앵/사이렌10_[cut_2sec] (6).mp3,사이렌_애애애애앵,targetsrc_22c538029fd3,사이렌_애애애애앵,existing_target
사이렌_애애애애앵/사이렌10_[cut_2sec].mp3,사이렌_애애애애앵,targetsrc_22c538029fd3,사이렌_애애애애앵,existing_target
사이렌_애애애애앵/사이렌10_[cut_3sec] (3).mp3,사이렌_애애애애앵,targetsrc_22c538029fd3,사이렌_애애애애앵,existing_target
사이렌_애애애애앵/사이렌10_[cut_3sec] (4).mp3,사이렌_애애애애앵,targetsrc_22c538029fd3,사이렌_애애애애앵,existing_target
사이렌_애애애애앵/사이렌10_[cut_3sec] (5).mp3,사이렌_애애애애앵,targetsrc_22c538029fd3,사이렌_애애애애앵,existing_target
사이렌_애애애애앵/사이렌12_[cut_2sec] (1).mp3,사이렌_애애애애앵,targetsrc_506f7bd14845,사이렌_애애애애앵,existing_target
사이렌_애애애애앵/사이렌12_[cut_2sec] (2).mp3,사이렌_애애애애앵,targetsrc_506f7bd14845,사이렌_애애애애앵,existing_target
사이렌_애애애애앵/사이렌12_[cut_2sec] (3).mp3,사이렌_애애애애앵,targetsrc_506f7bd14845,사이렌_애애애애앵,existing_target
사이렌_애애애애앵/사이렌12_[cut_2sec].mp3,사이렌_애애애애앵,targetsrc_506f7bd14845,사이렌_애애애애앵,existing_target
사이렌_애애애애앵/사이렌12_[cut_3sec] (1).mp3,사이렌_애애애애앵,targetsrc_506f7bd14845,사이렌_애애애애앵,existing_target
사이렌_애애애애앵/사이렌12_[cut_3sec] (2).mp3,사이렌_애애애애앵,targetsrc_506f7bd14845,사이렌_애애애애앵,existing_target
사이렌_애애애애앵/사이렌12_[cut_3sec] (3).mp3,사이렌_애애애애앵,targetsrc_506f7bd14845,사이렌_애애애애앵,existing_target
사이렌_애애애애앵/사이렌12_[cut_3sec].mp3,사이렌_애애애애앵,targetsrc_506f7bd14845,사이렌_애애애애앵,existing_target
사이렌_애애애애앵/사이렌12_[cut_4sec] (1).mp3,사이렌_애애애애앵,targetsrc_506f7bd14845,사이렌_애애애애앵,existing_target
사이렌_애애애애앵/사이렌12_[cut_4sec].mp3,사이렌_애애애애앵,targetsrc_506f7bd14845,사이렌_애애애애앵,existing_target
사이렌_애애애애앵/사이렌12_[cut_8sec].mp3,사이렌_애애애애앵,targetsrc_506f7bd14845,사이렌_애애애애앵,existing_target
사이렌_철철철/사이렌3_[cut_2sec] (1).mp3,사이렌_철철철,targetsrc_d8a6ebd145c3,사이렌_철철철,existing_target
사이렌_철철철/사이렌3_[cut_2sec] (2).mp3,사이렌_철철철,targetsrc_d8a6ebd145c3,사이렌_철철철,existing_target
사이렌_철철철/사이렌3_[cut_2sec] (3).mp3,사이렌_철철철,targetsrc_d8a6ebd145c3,사이렌_철철철,existing_target
사이렌_철철철/사이렌3_[cut_2sec] (4).mp3,사이렌_철철철,targetsrc_d8a6ebd145c3,사이렌_철철철,existing_target
사이렌_철철철/사이렌3_[cut_2sec].mp3,사이렌_철철철,targetsrc_d8a6ebd145c3,사이렌_철철철,existing_target
사이렌_철철철/사이렌3.mp3,사이렌_철철철,targetsrc_d8a6ebd145c3,사이렌_철철철,existing_target
사이렌_철철철/사이렌8_[cut_3sec] (3).mp3,사이렌_철철철,targetsrc_a409049df013,사이렌_철철철,existing_target
사이렌_철철철/사이렌8_[cut_3sec] (4).mp3,사이렌_철철철,targetsrc_a409049df013,사이렌_철철철,existing_target
사이렌_철철철/사이렌8_[cut_3sec] (5).mp3,사이렌_철철철,targetsrc_a409049df013,사이렌_철철철,existing_target
사이렌_철철철/사이렌8_[cut_3sec] (6).mp3,사이렌_철철철,targetsrc_a409049df013,사이렌_철철철,existing_target
사이렌_철철철/사이렌8_[cut_4sec] (6).mp3,사이렌_철철철,targetsrc_a409049df013,사이렌_철철철,existing_target
사이렌_철철철/사이렌8_[cut_4sec] (7).mp3,사이렌_철철철,targetsrc_a409049df013,사이렌_철철철,existing_target
사이렌_철철철/사이렌8_[cut_5sec] (1)_[cut_2sec].mp3,사이렌_철철철,targetsrc_f6f74bdc57ae,사이렌_철철철,existing_target
사이렌_철철철/사이렌8_[cut_5sec] (1)_[cut_3sec].mp3,사이렌_철철철,targetsrc_f6f74bdc57ae,사이렌_철철철,existing_target
사이렌_철철철/사이렌8_[cut_5sec] (2)_[cut_2sec].mp3,사이렌_철철철,targetsrc_750e34127317,사이렌_철철철,existing_target
사이렌_철철철/사이렌8_[cut_5sec] (2)_[cut_3sec].mp3,사이렌_철철철,targetsrc_750e34127317,사이렌_철철철,existing_target
사이렌_철철철/사이렌8_[cut_5sec] (3).mp3,사이렌_철철철,targetsrc_a409049df013,사이렌_철철철,existing_target
사이렌_철철철/사이렌8_[cut_5sec] (4).mp3,사이렌_철철철,targetsrc_a409049df013,사이렌_철철철,existing_target
사이렌_철철철/사이렌8_[cut_5sec] (5).mp3,사이렌_철철철,targetsrc_a409049df013,사이렌_철철철,existing_target
사이렌_철철철/사이렌8_[cut_5sec].mp3,사이렌_철철철,targetsrc_a409049df013,사이렌_철철철,existing_target
사이렌_철철철/사이렌8.mp3,사이렌_철철철,targetsrc_a409049df013,사이렌_철철철,existing_target
아기 울음/0037_B_001.wav,아기 울음,targetsrc_070278187506,아기 울음,existing_target
아기 울음/0109_D_026.wav,아기 울음,targetsrc_3424d864dd22,아기 울음,existing_target
아기 울음/0131_D_008.wav,아기 울음,targetsrc_183dc7a2b5b0,아기 울음,existing_target
아기 울음/0167_D_002.wav,아기 울음,targetsrc_1b4a0e9b9758,아기 울음,existing_target
아기 울음/0197_D_004.wav,아기 울음,targetsrc_efff215d54f9,아기 울음,existing_target
아기 울음/0197_D_006.wav,아기 울음,targetsrc_efff215d54f9,아기 울음,existing_target
아기 울음/0297_B_004.wav,아기 울음,targetsrc_aa83576dc117,아기 울음,existing_target
아기 울음/0297_B_005.wav,아기 울음,targetsrc_aa83576dc117,아기 울음,existing_target
아기 울음/0488_D_000.wav,아기 울음,targetsrc_2477b512d5cc,아기 울음,existing_target
아기 울음/0491_B_000.wav,아기 울음,targetsrc_aae8e86e1915,아기 울음,existing_target
아기 울음/0644_B_004.wav,아기 울음,targetsrc_f140225897e2,아기 울음,existing_target
아기 울음/0753_D_002.wav,아기 울음,targetsrc_da0968d6cf54,아기 울음,existing_target
아기 울음/0887_D_007.wav,아기 울음,targetsrc_d188ca8dabfa,아기 울음,existing_target
아기 울음/anonymous020_B_004.wav,아기 울음,targetsrc_0479775786f0,아기 울음,existing_target
아기 울음/anonymous023_B_004.wav,아기 울음,targetsrc_9a4d746260ed,아기 울음,existing_target
아기 울음/anonymous052_B_001.wav,아기 울음,targetsrc_4753f1a8115d,아기 울음,existing_target
아기 울음/anonymous052_B_011.wav,아기 울음,targetsrc_4753f1a8115d,아기 울음,existing_target
아기 울음/anonymous167_D_001.wav,아기 울음,targetsrc_75addf86c89f,아기 울음,existing_target
아기 울음/anonymous306_D_000.wav,아기 울음,targetsrc_252419ceaa0d,아기 울음,existing_target
아기 울음/anonymous312_D_000.wav,아기 울음,targetsrc_d53fb779798f,아기 울음,existing_target
사이렌_삐뽀삐뽀/1-76831-B-42.wav,사이렌_삐뽀삐뽀,esc50_76831,siren,ESC-50
사이렌_삐뽀삐뽀/1-76831-C-42.wav,사이렌_삐뽀삐뽀,esc50_76831,siren,ESC-50
사이렌_삐뽀삐뽀/1-76831-E-42.wav,사이렌_삐뽀삐뽀,esc50_76831,siren,ESC-50
사이렌_애애애애앵/1-31482-A-42.wav,사이렌_애애애애앵,esc50_31482,siren,ESC-50
사이렌_애애애애앵/1-31482-B-42.wav,사이렌_애애애애앵,esc50_31482,siren,ESC-50
사이렌_애애애애앵/1-54084-A-42.wav,사이렌_애애애애앵,esc50_54084,siren,ESC-50
사이렌_애애애애앵/1-76831-A-42.wav,사이렌_애애애애앵,esc50_76831,siren,ESC-50
사이렌_애애애애앵/1-76831-D-42.wav,사이렌_애애애애앵,esc50_76831,siren,ESC-50
사이렌_애애애애앵/2-43802-A-42.wav,사이렌_애애애애앵,esc50_43802,siren,ESC-50
사이렌_애애애애앵/2-43806-A-42.wav,사이렌_애애애애앵,esc50_43806,siren,ESC-50
사이렌_애애애애앵/2-70052-A-42.wav,사이렌_애애애애앵,esc50_70052,siren,ESC-50
사이렌_애애애애앵/2-70052-B-42.wav,사이렌_애애애애앵,esc50_70052,siren,ESC-50
사이렌_애애애애앵/2-70936-A-42.wav,사이렌_애애애애앵,esc50_70936,siren,ESC-50
사이렌_애애애애앵/2-70938-A-42.wav,사이렌_애애애애앵,esc50_70938,siren,ESC-50
사이렌_애애애애앵/2-70939-A-42.wav,사이렌_애애애애앵,esc50_70939,siren,ESC-50
사이렌_애애애애앵/2-72688-A-42.wav,사이렌_애애애애앵,esc50_72688,siren,ESC-50
사이렌_애애애애앵/3-51376-A-42.wav,사이렌_애애애애앵,esc50_51376,siren,ESC-50
사이렌_애애애애앵/3-51731-A-42.wav,사이렌_애애애애앵,esc50_51731,siren,ESC-50
사이렌_애애애애앵/3-51731-B-42.wav,사이렌_애애애애앵,esc50_51731,siren,ESC-50
사이렌_애애애애앵/3-51909-A-42.wav,사이렌_애애애애앵,esc50_51909,siren,ESC-50
사이렌_애애애애앵/3-51909-B-42.wav,사이렌_애애애애앵,esc50_51909,siren,ESC-50
사이렌_애애애애앵/3-58772-A-42.wav,사이렌_애애애애앵,esc50_58772,siren,ESC-50
사이렌_애애애애앵/3-62878-A-42.wav,사이렌_애애애애앵,esc50_62878,siren,ESC-50
사이렌_애애애애앵/3-62878-B-42.wav,사이렌_애애애애앵,esc50_62878,siren,ESC-50
사이렌_애애애애앵/4-102871-A-42.wav,사이렌_애애애애앵,esc50_102871,siren,ESC-50
사이렌_애애애애앵/4-111671-A-42.wav,사이렌_애애애애앵,esc50_111671,siren,ESC-50
사이렌_애애애애앵/4-111671-B-42.wav,사이렌_애애애애앵,esc50_111671,siren,ESC-50
사이렌_애애애애앵/4-121532-A-42.wav,사이렌_애애애애앵,esc50_121532,siren,ESC-50
사이렌_애애애애앵/4-67358-A-42.wav,사이렌_애애애애앵,esc50_67358,siren,ESC-50
사이렌_애애애애앵/4-80761-A-42.wav,사이렌_애애애애앵,esc50_80761,siren,ESC-50
사이렌_애애애애앵/4-90014-A-42.wav,사이렌_애애애애앵,esc50_90014,siren,ESC-50
사이렌_애애애애앵/4-90014-B-42.wav,사이렌_애애애애앵,esc50_90014,siren,ESC-50
사이렌_애애애애앵/5-117118-A-42.wav,사이렌_애애애애앵,esc50_117118,siren,ESC-50
사이렌_애애애애앵/5-117120-A-42.wav,사이렌_애애애애앵,esc50_117120,siren,ESC-50
사이렌_애애애애앵/5-117122-A-42.wav,사이렌_애애애애앵,esc50_117122,siren,ESC-50
사이렌_애애애애앵/5-133989-A-42.wav,사이렌_애애애애앵,esc50_133989,siren,ESC-50
사이렌_애애애애앵/5-133989-B-42.wav,사이렌_애애애애앵,esc50_133989,siren,ESC-50
사이렌_애애애애앵/5-150409-A-42.wav,사이렌_애애애애앵,esc50_150409,siren,ESC-50
사이렌_애애애애앵/5-160551-A-42.wav,사이렌_애애애애앵,esc50_160551,siren,ESC-50
사이렌_애애애애앵/5-184323-A-42.wav,사이렌_애애애애앵,esc50_184323,siren,ESC-50
비표적음/ESC-50_non_target/audio_by_category/dog/1-100032-A-0.wav,비표적음,esc50_100032,dog,ESC-50
비표적음/ESC-50_non_target/audio_by_category/chirping_birds/1-100038-A-14.wav,비표적음,esc50_100038,chirping_birds,ESC-50
비표적음/ESC-50_non_target/audio_by_category/vacuum_cleaner/1-100210-A-36.wav,비표적음,esc50_100210,vacuum_cleaner,ESC-50
비표적음/ESC-50_non_target/audio_by_category/vacuum_cleaner/1-100210-B-36.wav,비표적음,esc50_100210,vacuum_cleaner,ESC-50
비표적음/ESC-50_non_target/audio_by_category/thunderstorm/1-101296-A-19.wav,비표적음,esc50_101296,thunderstorm,ESC-50
비표적음/ESC-50_non_target/audio_by_category/thunderstorm/1-101296-B-19.wav,비표적음,esc50_101296,thunderstorm,ESC-50
비표적음/ESC-50_non_target/audio_by_category/can_opening/1-101404-A-34.wav,비표적음,esc50_101404,can_opening,ESC-50
비표적음/ESC-50_non_target/audio_by_category/crow/1-103298-A-9.wav,비표적음,esc50_103298,crow,ESC-50
비표적음/ESC-50_non_target/audio_by_category/clapping/1-104089-A-22.wav,비표적음,esc50_104089,clapping,ESC-50
비표적음/ESC-50_non_target/audio_by_category/clapping/1-104089-B-22.wav,비표적음,esc50_104089,clapping,ESC-50
비표적음/ESC-50_non_target/audio_by_category/clapping/1-105224-A-22.wav,비표적음,esc50_105224,clapping,ESC-50
비표적음/ESC-50_non_target/audio_by_category/dog/1-110389-A-0.wav,비표적음,esc50_110389,dog,ESC-50
비표적음/ESC-50_non_target/audio_by_category/clapping/1-110537-A-22.wav,비표적음,esc50_110537,clapping,ESC-50
비표적음/ESC-50_non_target/audio_by_category/thunderstorm/1-115521-A-19.wav,비표적음,esc50_115521,thunderstorm,ESC-50
비표적음/ESC-50_non_target/audio_by_category/fireworks/1-115545-A-48.wav,비표적음,esc50_115545,fireworks,ESC-50
비표적음/ESC-50_non_target/audio_by_category/fireworks/1-115545-B-48.wav,비표적음,esc50_115545,fireworks,ESC-50
비표적음/ESC-50_non_target/audio_by_category/fireworks/1-115545-C-48.wav,비표적음,esc50_115545,fireworks,ESC-50
비표적음/ESC-50_non_target/audio_by_category/fireworks/1-115546-A-48.wav,비표적음,esc50_115546,fireworks,ESC-50
비표적음/ESC-50_non_target/audio_by_category/clapping/1-115920-A-22.wav,비표적음,esc50_115920,clapping,ESC-50
비표적음/ESC-50_non_target/audio_by_category/clapping/1-115920-B-22.wav,비표적음,esc50_115920,clapping,ESC-50
비표적음/ESC-50_non_target/audio_by_category/clapping/1-115921-A-22.wav,비표적음,esc50_115921,clapping,ESC-50
비표적음/ESC-50_non_target/audio_by_category/chainsaw/1-116765-A-41.wav,비표적음,esc50_116765,chainsaw,ESC-50
비표적음/ESC-50_non_target/audio_by_category/airplane/1-11687-A-47.wav,비표적음,esc50_11687,airplane,ESC-50
비표적음/ESC-50_non_target/audio_by_category/mouse_click/1-118206-A-31.wav,비표적음,esc50_118206,mouse_click,ESC-50
비표적음/ESC-50_non_target/audio_by_category/pouring_water/1-118559-A-17.wav,비표적음,esc50_118559,pouring_water,ESC-50
비표적음/ESC-50_non_target/audio_by_category/train/1-119125-A-45.wav,비표적음,esc50_119125,train,ESC-50
비표적음/ESC-50_non_target/audio_by_category/sheep/1-121951-A-8.wav,비표적음,esc50_121951,sheep,ESC-50
비표적음/ESC-50_non_target/audio_by_category/water_drops/1-12653-A-15.wav,비표적음,esc50_12653,water_drops,ESC-50
비표적음/ESC-50_non_target/audio_by_category/water_drops/1-12654-A-15.wav,비표적음,esc50_12654,water_drops,ESC-50
비표적음/ESC-50_non_target/audio_by_category/water_drops/1-12654-B-15.wav,비표적음,esc50_12654,water_drops,ESC-50
비표적음/ESC-50_non_target/audio_by_category/church_bells/1-13571-A-46.wav,비표적음,esc50_13571,church_bells,ESC-50
비표적음/ESC-50_non_target/audio_by_category/church_bells/1-13572-A-46.wav,비표적음,esc50_13572,church_bells,ESC-50
비표적음/ESC-50_non_target/audio_by_category/clock_alarm/1-13613-A-37.wav,비표적음,esc50_13613,clock_alarm,ESC-50
비표적음/ESC-50_non_target/audio_by_category/keyboard_typing/1-137-A-32.wav,비표적음,esc50_137,keyboard_typing,ESC-50
비표적음/ESC-50_non_target/audio_by_category/wind/1-137296-A-16.wav,비표적음,esc50_137296,wind,ESC-50
비표적음/ESC-50_non_target/audio_by_category/clock_alarm/1-14262-A-37.wav,비표적음,esc50_14262,clock_alarm,ESC-50
비표적음/ESC-50_non_target/audio_by_category/footsteps/1-155858-A-25.wav,비표적음,esc50_155858,footsteps,ESC-50
비표적음/ESC-50_non_target/audio_by_category/footsteps/1-155858-B-25.wav,비표적음,esc50_155858,footsteps,ESC-50
비표적음/ESC-50_non_target/audio_by_category/footsteps/1-155858-C-25.wav,비표적음,esc50_155858,footsteps,ESC-50
비표적음/ESC-50_non_target/audio_by_category/footsteps/1-155858-D-25.wav,비표적음,esc50_155858,footsteps,ESC-50
비표적음/ESC-50_non_target/audio_by_category/footsteps/1-155858-E-25.wav,비표적음,esc50_155858,footsteps,ESC-50
비표적음/ESC-50_non_target/audio_by_category/footsteps/1-155858-F-25.wav,비표적음,esc50_155858,footsteps,ESC-50
비표적음/ESC-50_non_target/audio_by_category/frog/1-15689-A-4.wav,비표적음,esc50_15689,frog,ESC-50
비표적음/ESC-50_non_target/audio_by_category/frog/1-15689-B-4.wav,비표적음,esc50_15689,frog,ESC-50
비표적음/ESC-50_non_target/audio_by_category/fireworks/1-160563-A-48.wav,비표적음,esc50_160563,fireworks,ESC-50
비표적음/ESC-50_non_target/audio_by_category/fireworks/1-160563-B-48.wav,비표적음,esc50_160563,fireworks,ESC-50
비표적음/ESC-50_non_target/audio_by_category/cow/1-16568-A-3.wav,비표적음,esc50_16568,cow,ESC-50
비표적음/ESC-50_non_target/audio_by_category/water_drops/1-16746-A-15.wav,비표적음,esc50_16746,water_drops,ESC-50
비표적음/ESC-50_non_target/audio_by_category/brushing_teeth/1-17092-A-27.wav,비표적음,esc50_17092,brushing_teeth,ESC-50
비표적음/ESC-50_non_target/audio_by_category/brushing_teeth/1-17092-B-27.wav,비표적음,esc50_17092,brushing_teeth,ESC-50
비표적음/ESC-50_non_target/audio_by_category/car_horn/1-17124-A-43.wav,비표적음,esc50_17124,car_horn,ESC-50
비표적음/ESC-50_non_target/audio_by_category/crackling_fire/1-17150-A-12.wav,비표적음,esc50_17150,crackling_fire,ESC-50
비표적음/ESC-50_non_target/audio_by_category/helicopter/1-172649-A-40.wav,비표적음,esc50_172649,helicopter,ESC-50
비표적음/ESC-50_non_target/audio_by_category/helicopter/1-172649-B-40.wav,비표적음,esc50_172649,helicopter,ESC-50
비표적음/ESC-50_non_target/audio_by_category/helicopter/1-172649-C-40.wav,비표적음,esc50_172649,helicopter,ESC-50
비표적음/ESC-50_non_target/audio_by_category/helicopter/1-172649-D-40.wav,비표적음,esc50_172649,helicopter,ESC-50
비표적음/ESC-50_non_target/audio_by_category/helicopter/1-172649-E-40.wav,비표적음,esc50_172649,helicopter,ESC-50
비표적음/ESC-50_non_target/audio_by_category/helicopter/1-172649-F-40.wav,비표적음,esc50_172649,helicopter,ESC-50
비표적음/ESC-50_non_target/audio_by_category/drinking_sipping/1-17295-A-29.wav,비표적음,esc50_17295,drinking_sipping,ESC-50
비표적음/ESC-50_non_target/audio_by_category/rain/1-17367-A-10.wav,비표적음,esc50_17367,rain,ESC-50
비표적음/ESC-50_non_target/audio_by_category/crackling_fire/1-17565-A-12.wav,비표적음,esc50_17565,crackling_fire,ESC-50
비표적음/ESC-50_non_target/audio_by_category/insects/1-17585-A-7.wav,비표적음,esc50_17585,insects,ESC-50
비표적음/ESC-50_non_target/audio_by_category/crackling_fire/1-17742-A-12.wav,비표적음,esc50_17742,crackling_fire,ESC-50
비표적음/ESC-50_non_target/audio_by_category/crackling_fire/1-17808-A-12.wav,비표적음,esc50_17808,crackling_fire,ESC-50
비표적음/ESC-50_non_target/audio_by_category/crackling_fire/1-17808-B-12.wav,비표적음,esc50_17808,crackling_fire,ESC-50
비표적음/ESC-50_non_target/audio_by_category/laughing/1-1791-A-26.wav,비표적음,esc50_1791,laughing,ESC-50
비표적음/ESC-50_non_target/audio_by_category/frog/1-17970-A-4.wav,비표적음,esc50_17970,frog,ESC-50
비표적음/ESC-50_non_target/audio_by_category/hen/1-18074-A-6.wav,비표적음,esc50_18074,hen,ESC-50
비표적음/ESC-50_non_target/audio_by_category/hen/1-18074-B-6.wav,비표적음,esc50_18074,hen,ESC-50
비표적음/ESC-50_non_target/audio_by_category/helicopter/1-181071-A-40.wav,비표적음,esc50_181071,helicopter,ESC-50
비표적음/ESC-50_non_target/audio_by_category/helicopter/1-181071-B-40.wav,비표적음,esc50_181071,helicopter,ESC-50
비표적음/ESC-50_non_target/audio_by_category/engine/1-18527-A-44.wav,비표적음,esc50_18527,engine,ESC-50
비표적음/ESC-50_non_target/audio_by_category/engine/1-18527-B-44.wav,비표적음,esc50_18527,engine,ESC-50
비표적음/ESC-50_non_target/audio_by_category/breathing/1-18631-A-23.wav,비표적음,esc50_18631,breathing,ESC-50
비표적음/ESC-50_non_target/audio_by_category/mouse_click/1-18655-A-31.wav,비표적음,esc50_18655,mouse_click,ESC-50
비표적음/ESC-50_non_target/audio_by_category/frog/1-18755-A-4.wav,비표적음,esc50_18755,frog,ESC-50
비표적음/ESC-50_non_target/audio_by_category/frog/1-18755-B-4.wav,비표적음,esc50_18755,frog,ESC-50
비표적음/ESC-50_non_target/audio_by_category/frog/1-18757-A-4.wav,비표적음,esc50_18757,frog,ESC-50
비표적음/ESC-50_non_target/audio_by_category/hand_saw/1-18810-A-49.wav,비표적음,esc50_18810,hand_saw,ESC-50
비표적음/ESC-50_non_target/audio_by_category/car_horn/1-19026-A-43.wav,비표적음,esc50_19026,car_horn,ESC-50
비표적음/ESC-50_non_target/audio_by_category/coughing/1-19111-A-24.wav,비표적음,esc50_19111,coughing,ESC-50
비표적음/ESC-50_non_target/audio_by_category/coughing/1-19118-A-24.wav,비표적음,esc50_19118,coughing,ESC-50
비표적음/ESC-50_non_target/audio_by_category/insects/1-19501-A-7.wav,비표적음,esc50_19501,insects,ESC-50
비표적음/ESC-50_non_target/audio_by_category/sheep/1-196660-A-8.wav,비표적음,esc50_196660,sheep,ESC-50
비표적음/ESC-50_non_target/audio_by_category/sheep/1-196660-B-8.wav,비표적음,esc50_196660,sheep,ESC-50
비표적음/ESC-50_non_target/audio_by_category/vacuum_cleaner/1-19840-A-36.wav,비표적음,esc50_19840,vacuum_cleaner,ESC-50
비표적음/ESC-50_non_target/audio_by_category/vacuum_cleaner/1-19872-A-36.wav,비표적음,esc50_19872,vacuum_cleaner,ESC-50
비표적음/ESC-50_non_target/audio_by_category/vacuum_cleaner/1-19872-B-36.wav,비표적음,esc50_19872,vacuum_cleaner,ESC-50
비표적음/ESC-50_non_target/audio_by_category/chainsaw/1-19898-A-41.wav,비표적음,esc50_19898,chainsaw,ESC-50
비표적음/ESC-50_non_target/audio_by_category/chainsaw/1-19898-B-41.wav,비표적음,esc50_19898,chainsaw,ESC-50
비표적음/ESC-50_non_target/audio_by_category/chainsaw/1-19898-C-41.wav,비표적음,esc50_19898,chainsaw,ESC-50
비표적음/ESC-50_non_target/audio_by_category/glass_breaking/1-20133-A-39.wav,비표적음,esc50_20133,glass_breaking,ESC-50
비표적음/ESC-50_non_target/audio_by_category/cow/1-202111-A-3.wav,비표적음,esc50_202111,cow,ESC-50
비표적음/ESC-50_non_target/audio_by_category/snoring/1-20545-A-28.wav,비표적음,esc50_20545,snoring,ESC-50
비표적음/ESC-50_non_target/audio_by_category/toilet_flush/1-20736-A-18.wav,비표적음,esc50_20736,toilet_flush,ESC-50
비표적음/ESC-50_non_target/audio_by_category/pig/1-208757-A-2.wav,비표적음,esc50_208757,pig,ESC-50
비표적음/ESC-50_non_target/audio_by_category/pig/1-208757-B-2.wav,비표적음,esc50_208757,pig,ESC-50
비표적음/ESC-50_non_target/audio_by_category/pig/1-208757-C-2.wav,비표적음,esc50_208757,pig,ESC-50
비표적음/ESC-50_non_target/audio_by_category/pig/1-208757-D-2.wav,비표적음,esc50_208757,pig,ESC-50
비표적음/ESC-50_non_target/audio_by_category/pig/1-208757-E-2.wav,비표적음,esc50_208757,pig,ESC-50
비표적음/ESC-50_non_target/audio_by_category/rain/1-21189-A-10.wav,비표적음,esc50_21189,rain,ESC-50
비표적음/ESC-50_non_target/audio_by_category/church_bells/1-21421-A-46.wav,비표적음,esc50_21421,church_bells,ESC-50
비표적음/ESC-50_non_target/audio_by_category/washing_machine/1-21896-A-35.wav,비표적음,esc50_21896,washing_machine,ESC-50
비표적음/ESC-50_non_target/audio_by_category/clock_tick/1-21934-A-38.wav,비표적음,esc50_21934,clock_tick,ESC-50
비표적음/ESC-50_non_target/audio_by_category/clock_tick/1-21935-A-38.wav,비표적음,esc50_21935,clock_tick,ESC-50
비표적음/ESC-50_non_target/audio_by_category/footsteps/1-223162-A-25.wav,비표적음,esc50_223162,footsteps,ESC-50
비표적음/ESC-50_non_target/audio_by_category/church_bells/1-22804-A-46.wav,비표적음,esc50_22804,church_bells,ESC-50
비표적음/ESC-50_non_target/audio_by_category/engine/1-22882-A-44.wav,비표적음,esc50_22882,engine,ESC-50
비표적음/ESC-50_non_target/audio_by_category/water_drops/1-23094-A-15.wav,비표적음,esc50_23094,water_drops,ESC-50
비표적음/ESC-50_non_target/audio_by_category/water_drops/1-23094-B-15.wav,비표적음,esc50_23094,water_drops,ESC-50
비표적음/ESC-50_non_target/audio_by_category/thunderstorm/1-23222-A-19.wav,비표적음,esc50_23222,thunderstorm,ESC-50
비표적음/ESC-50_non_target/audio_by_category/thunderstorm/1-23222-B-19.wav,비표적음,esc50_23222,thunderstorm,ESC-50
비표적음/ESC-50_non_target/audio_by_category/hand_saw/1-23706-A-49.wav,비표적음,esc50_23706,hand_saw,ESC-50
비표적음/ESC-50_non_target/audio_by_category/washing_machine/1-23996-A-35.wav,비표적음,esc50_23996,washing_machine,ESC-50
비표적음/ESC-50_non_target/audio_by_category/washing_machine/1-23996-B-35.wav,비표적음,esc50_23996,washing_machine,ESC-50
비표적음/ESC-50_non_target/audio_by_category/car_horn/1-24074-A-43.wav,비표적음,esc50_24074,car_horn,ESC-50
비표적음/ESC-50_non_target/audio_by_category/car_horn/1-24076-A-43.wav,비표적음,esc50_24076,car_horn,ESC-50
비표적음/ESC-50_non_target/audio_by_category/thunderstorm/1-24524-A-19.wav,비표적음,esc50_24524,thunderstorm,ESC-50
비표적음/ESC-50_non_target/audio_by_category/thunderstorm/1-24524-B-19.wav,비표적음,esc50_24524,thunderstorm,ESC-50
비표적음/ESC-50_non_target/audio_by_category/thunderstorm/1-24524-C-19.wav,비표적음,esc50_24524,thunderstorm,ESC-50
비표적음/ESC-50_non_target/audio_by_category/airplane/1-24796-A-47.wav,비표적음,esc50_24796,airplane,ESC-50
비표적음/ESC-50_non_target/audio_by_category/car_horn/1-254507-A-43.wav,비표적음,esc50_254507,car_horn,ESC-50
비표적음/ESC-50_non_target/audio_by_category/fireworks/1-25777-A-48.wav,비표적음,esc50_25777,fireworks,ESC-50
비표적음/ESC-50_non_target/audio_by_category/fireworks/1-25781-A-48.wav,비표적음,esc50_25781,fireworks,ESC-50
비표적음/ESC-50_non_target/audio_by_category/pig/1-260640-A-2.wav,비표적음,esc50_260640,pig,ESC-50
비표적음/ESC-50_non_target/audio_by_category/pig/1-260640-B-2.wav,비표적음,esc50_260640,pig,ESC-50
비표적음/ESC-50_non_target/audio_by_category/pig/1-260640-C-2.wav,비표적음,esc50_260640,pig,ESC-50
비표적음/ESC-50_non_target/audio_by_category/sneezing/1-26143-A-21.wav,비표적음,esc50_26143,sneezing,ESC-50
비표적음/ESC-50_non_target/audio_by_category/car_horn/1-26176-A-43.wav,비표적음,esc50_26176,car_horn,ESC-50
비표적음/ESC-50_non_target/audio_by_category/car_horn/1-26177-A-43.wav,비표적음,esc50_26177,car_horn,ESC-50
비표적음/ESC-50_non_target/audio_by_category/rain/1-26222-A-10.wav,비표적음,esc50_26222,rain,ESC-50
비표적음/ESC-50_non_target/audio_by_category/rooster/1-26806-A-1.wav,비표적음,esc50_26806,rooster,ESC-50
비표적음/ESC-50_non_target/audio_by_category/washing_machine/1-27165-A-35.wav,비표적음,esc50_27165,washing_machine,ESC-50
비표적음/ESC-50_non_target/audio_by_category/washing_machine/1-27166-A-35.wav,비표적음,esc50_27166,washing_machine,ESC-50
비표적음/ESC-50_non_target/audio_by_category/snoring/1-27403-A-28.wav,비표적음,esc50_27403,snoring,ESC-50
비표적음/ESC-50_non_target/audio_by_category/snoring/1-27405-A-28.wav,비표적음,esc50_27405,snoring,ESC-50
비표적음/ESC-50_non_target/audio_by_category/rooster/1-27724-A-1.wav,비표적음,esc50_27724,rooster,ESC-50
비표적음/ESC-50_non_target/audio_by_category/toilet_flush/1-28005-A-18.wav,비표적음,esc50_28005,toilet_flush,ESC-50
비표적음/ESC-50_non_target/audio_by_category/sea_waves/1-28135-A-11.wav,비표적음,esc50_28135,sea_waves,ESC-50
비표적음/ESC-50_non_target/audio_by_category/sea_waves/1-28135-B-11.wav,비표적음,esc50_28135,sea_waves,ESC-50
비표적음/ESC-50_non_target/audio_by_category/car_horn/1-28808-A-43.wav,비표적음,esc50_28808,car_horn,ESC-50
비표적음/ESC-50_non_target/audio_by_category/wind/1-29532-A-16.wav,비표적음,esc50_29532,wind,ESC-50
비표적음/ESC-50_non_target/audio_by_category/rain/1-29561-A-10.wav,비표적음,esc50_29561,rain,ESC-50
비표적음/ESC-50_non_target/audio_by_category/sneezing/1-29680-A-21.wav,비표적음,esc50_29680,sneezing,ESC-50
비표적음/ESC-50_non_target/audio_by_category/laughing/1-30039-A-26.wav,비표적음,esc50_30039,laughing,ESC-50
비표적음/ESC-50_non_target/audio_by_category/laughing/1-30043-A-26.wav,비표적음,esc50_30043,laughing,ESC-50
비표적음/ESC-50_non_target/audio_by_category/toilet_flush/1-30214-A-18.wav,비표적음,esc50_30214,toilet_flush,ESC-50
비표적음/ESC-50_non_target/audio_by_category/dog/1-30226-A-0.wav,비표적음,esc50_30226,dog,ESC-50
비표적음/ESC-50_non_target/audio_by_category/dog/1-30344-A-0.wav,비표적음,esc50_30344,dog,ESC-50
비표적음/ESC-50_non_target/audio_by_category/breathing/1-30709-A-23.wav,비표적음,esc50_30709,breathing,ESC-50
비표적음/ESC-50_non_target/audio_by_category/breathing/1-30709-B-23.wav,비표적음,esc50_30709,breathing,ESC-50
비표적음/ESC-50_non_target/audio_by_category/breathing/1-30709-C-23.wav,비표적음,esc50_30709,breathing,ESC-50
비표적음/ESC-50_non_target/audio_by_category/coughing/1-30830-A-24.wav,비표적음,esc50_30830,coughing,ESC-50
비표적음/ESC-50_non_target/audio_by_category/hen/1-31251-A-6.wav,비표적음,esc50_31251,hen,ESC-50
비표적음/ESC-50_non_target/audio_by_category/hen/1-31251-B-6.wav,비표적음,esc50_31251,hen,ESC-50
비표적음/ESC-50_non_target/audio_by_category/sneezing/1-31748-A-21.wav,비표적음,esc50_31748,sneezing,ESC-50
비표적음/ESC-50_non_target/audio_by_category/frog/1-31836-A-4.wav,비표적음,esc50_31836,frog,ESC-50
비표적음/ESC-50_non_target/audio_by_category/frog/1-31836-B-4.wav,비표적음,esc50_31836,frog,ESC-50
비표적음/ESC-50_non_target/audio_by_category/dog/1-32318-A-0.wav,비표적음,esc50_32318,dog,ESC-50
비표적음/ESC-50_non_target/audio_by_category/washing_machine/1-32373-A-35.wav,비표적음,esc50_32373,washing_machine,ESC-50
비표적음/ESC-50_non_target/audio_by_category/washing_machine/1-32373-B-35.wav,비표적음,esc50_32373,washing_machine,ESC-50
비표적음/ESC-50_non_target/audio_by_category/drinking_sipping/1-32579-A-29.wav,비표적음,esc50_32579,drinking_sipping,ESC-50
비표적음/ESC-50_non_target/audio_by_category/laughing/1-33658-A-26.wav,비표적음,esc50_33658,laughing,ESC-50
비표적음/ESC-50_non_target/audio_by_category/cat/1-34094-A-5.wav,비표적음,esc50_34094,cat,ESC-50
비표적음/ESC-50_non_target/audio_by_category/cat/1-34094-B-5.wav,비표적음,esc50_34094,cat,ESC-50
비표적음/ESC-50_non_target/audio_by_category/rooster/1-34119-A-1.wav,비표적음,esc50_34119,rooster,ESC-50
비표적음/ESC-50_non_target/audio_by_category/rooster/1-34119-B-1.wav,비표적음,esc50_34119,rooster,ESC-50
비표적음/ESC-50_non_target/audio_by_category/chirping_birds/1-34495-A-14.wav,비표적음,esc50_34495,chirping_birds,ESC-50
비표적음/ESC-50_non_target/audio_by_category/chirping_birds/1-34497-A-14.wav,비표적음,esc50_34497,chirping_birds,ESC-50
비표적음/ESC-50_non_target/audio_by_category/clock_alarm/1-34853-A-37.wav,비표적음,esc50_34853,clock_alarm,ESC-50
비표적음/ESC-50_non_target/audio_by_category/clock_tick/1-35687-A-38.wav,비표적음,esc50_35687,clock_tick,ESC-50
비표적음/ESC-50_non_target/audio_by_category/laughing/1-36164-A-26.wav,비표적음,esc50_36164,laughing,ESC-50
비표적음/ESC-50_non_target/audio_by_category/laughing/1-36164-B-26.wav,비표적음,esc50_36164,laughing,ESC-50
비표적음/ESC-50_non_target/audio_by_category/breathing/1-36393-A-23.wav,비표적음,esc50_36393,breathing,ESC-50
비표적음/ESC-50_non_target/audio_by_category/breathing/1-36397-A-23.wav,비표적음,esc50_36397,breathing,ESC-50
비표적음/ESC-50_non_target/audio_by_category/breathing/1-36400-A-23.wav,비표적음,esc50_36400,breathing,ESC-50
비표적음/ESC-50_non_target/audio_by_category/breathing/1-36402-A-23.wav,비표적음,esc50_36402,breathing,ESC-50
비표적음/ESC-50_non_target/audio_by_category/airplane/1-36929-A-47.wav,비표적음,esc50_36929,airplane,ESC-50
비표적음/ESC-50_non_target/audio_by_category/drinking_sipping/1-37226-A-29.wav,비표적음,esc50_37226,drinking_sipping,ESC-50
비표적음/ESC-50_non_target/audio_by_category/chirping_birds/1-38559-A-14.wav,비표적음,esc50_38559,chirping_birds,ESC-50
비표적음/ESC-50_non_target/audio_by_category/chirping_birds/1-38560-A-14.wav,비표적음,esc50_38560,chirping_birds,ESC-50
비표적음/ESC-50_non_target/audio_by_category/crow/1-39835-A-9.wav,비표적음,esc50_39835,crow,ESC-50
비표적음/ESC-50_non_target/audio_by_category/crow/1-39835-B-9.wav,비표적음,esc50_39835,crow,ESC-50
비표적음/ESC-50_non_target/audio_by_category/sea_waves/1-39901-A-11.wav,비표적음,esc50_39901,sea_waves,ESC-50
비표적음/ESC-50_non_target/audio_by_category/sea_waves/1-39901-B-11.wav,비표적음,esc50_39901,sea_waves,ESC-50
비표적음/ESC-50_non_target/audio_by_category/rooster/1-39923-A-1.wav,비표적음,esc50_39923,rooster,ESC-50
비표적음/ESC-50_non_target/audio_by_category/snoring/1-39937-A-28.wav,비표적음,esc50_39937,snoring,ESC-50
비표적음/ESC-50_non_target/audio_by_category/church_bells/1-40154-A-46.wav,비표적음,esc50_40154,church_bells,ESC-50
비표적음/ESC-50_non_target/audio_by_category/snoring/1-40621-A-28.wav,비표적음,esc50_40621,snoring,ESC-50
비표적음/ESC-50_non_target/audio_by_category/rooster/1-40730-A-1.wav,비표적음,esc50_40730,rooster,ESC-50
비표적음/ESC-50_non_target/audio_by_category/snoring/1-40967-A-28.wav,비표적음,esc50_40967,snoring,ESC-50
비표적음/ESC-50_non_target/audio_by_category/can_opening/1-41615-A-34.wav,비표적음,esc50_41615,can_opening,ESC-50
비표적음/ESC-50_non_target/audio_by_category/crackling_fire/1-4211-A-12.wav,비표적음,esc50_4211,crackling_fire,ESC-50
비표적음/ESC-50_non_target/audio_by_category/clock_tick/1-42139-A-38.wav,비표적음,esc50_42139,clock_tick,ESC-50
비표적음/ESC-50_non_target/audio_by_category/rooster/1-43382-A-1.wav,비표적음,esc50_43382,rooster,ESC-50
비표적음/ESC-50_non_target/audio_by_category/sea_waves/1-43760-A-11.wav,비표적음,esc50_43760,sea_waves,ESC-50
비표적음/ESC-50_non_target/audio_by_category/can_opening/1-43764-A-34.wav,비표적음,esc50_43764,can_opening,ESC-50
비표적음/ESC-50_non_target/audio_by_category/airplane/1-43807-A-47.wav,비표적음,esc50_43807,airplane,ESC-50
비표적음/ESC-50_non_target/audio_by_category/airplane/1-43807-B-47.wav,비표적음,esc50_43807,airplane,ESC-50
비표적음/ESC-50_non_target/audio_by_category/airplane/1-43807-C-47.wav,비표적음,esc50_43807,airplane,ESC-50
비표적음/ESC-50_non_target/audio_by_category/airplane/1-43807-D-47.wav,비표적음,esc50_43807,airplane,ESC-50
비표적음/ESC-50_non_target/audio_by_category/rooster/1-44831-A-1.wav,비표적음,esc50_44831,rooster,ESC-50
비표적음/ESC-50_non_target/audio_by_category/brushing_teeth/1-45641-A-27.wav,비표적음,esc50_45641,brushing_teeth,ESC-50
비표적음/ESC-50_non_target/audio_by_category/mouse_click/1-45645-A-31.wav,비표적음,esc50_45645,mouse_click,ESC-50
비표적음/ESC-50_non_target/audio_by_category/chirping_birds/1-46040-A-14.wav,비표적음,esc50_46040,chirping_birds,ESC-50
비표적음/ESC-50_non_target/audio_by_category/crackling_fire/1-46272-A-12.wav,비표적음,esc50_46272,crackling_fire,ESC-50
비표적음/ESC-50_non_target/audio_by_category/toilet_flush/1-46274-A-18.wav,비표적음,esc50_46274,toilet_flush,ESC-50
비표적음/ESC-50_non_target/audio_by_category/hand_saw/1-46353-A-49.wav,비표적음,esc50_46353,hand_saw,ESC-50
비표적음/ESC-50_non_target/audio_by_category/vacuum_cleaner/1-46744-A-36.wav,비표적음,esc50_46744,vacuum_cleaner,ESC-50
비표적음/ESC-50_non_target/audio_by_category/insects/1-46938-A-7.wav,비표적음,esc50_46938,insects,ESC-50
비표적음/ESC-50_non_target/audio_by_category/insects/1-46938-B-7.wav,비표적음,esc50_46938,insects,ESC-50
비표적음/ESC-50_non_target/audio_by_category/chainsaw/1-47250-A-41.wav,비표적음,esc50_47250,chainsaw,ESC-50
비표적음/ESC-50_non_target/audio_by_category/chainsaw/1-47250-B-41.wav,비표적음,esc50_47250,chainsaw,ESC-50
비표적음/ESC-50_non_target/audio_by_category/sneezing/1-47273-A-21.wav,비표적음,esc50_47273,sneezing,ESC-50
비표적음/ESC-50_non_target/audio_by_category/sneezing/1-47274-A-21.wav,비표적음,esc50_47274,sneezing,ESC-50
비표적음/ESC-50_non_target/audio_by_category/wind/1-47709-A-16.wav,비표적음,esc50_47709,wind,ESC-50
비표적음/ESC-50_non_target/audio_by_category/wind/1-47714-A-16.wav,비표적음,esc50_47714,wind,ESC-50
비표적음/ESC-50_non_target/audio_by_category/cat/1-47819-A-5.wav,비표적음,esc50_47819,cat,ESC-50
비표적음/ESC-50_non_target/audio_by_category/cat/1-47819-B-5.wav,비표적음,esc50_47819,cat,ESC-50
비표적음/ESC-50_non_target/audio_by_category/cat/1-47819-C-5.wav,비표적음,esc50_47819,cat,ESC-50
비표적음/ESC-50_non_target/audio_by_category/snoring/1-47923-A-28.wav,비표적음,esc50_47923,snoring,ESC-50
비표적음/ESC-50_non_target/audio_by_category/church_bells/1-48298-A-46.wav,비표적음,esc50_48298,church_bells,ESC-50
비표적음/ESC-50_non_target/audio_by_category/clock_tick/1-48413-A-38.wav,비표적음,esc50_48413,clock_tick,ESC-50
비표적음/ESC-50_non_target/audio_by_category/washing_machine/1-49098-A-35.wav,비표적음,esc50_49098,washing_machine,ESC-50
비표적음/ESC-50_non_target/audio_by_category/sheep/1-49409-A-8.wav,비표적음,esc50_49409,sheep,ESC-50
비표적음/ESC-50_non_target/audio_by_category/sheep/1-49409-B-8.wav,비표적음,esc50_49409,sheep,ESC-50
비표적음/ESC-50_non_target/audio_by_category/rain/1-50060-A-10.wav,비표적음,esc50_50060,rain,ESC-50
비표적음/ESC-50_non_target/audio_by_category/engine/1-50454-A-44.wav,비표적음,esc50_50454,engine,ESC-50
비표적음/ESC-50_non_target/audio_by_category/engine/1-50455-A-44.wav,비표적음,esc50_50455,engine,ESC-50
비표적음/ESC-50_non_target/audio_by_category/water_drops/1-50623-A-15.wav,비표적음,esc50_50623,water_drops,ESC-50
비표적음/ESC-50_non_target/audio_by_category/pouring_water/1-50625-A-17.wav,비표적음,esc50_50625,pouring_water,ESC-50
비표적음/ESC-50_non_target/audio_by_category/engine/1-50661-A-44.wav,비표적음,esc50_50661,engine,ESC-50
비표적음/ESC-50_non_target/audio_by_category/pouring_water/1-50688-A-17.wav,비표적음,esc50_50688,pouring_water,ESC-50
비표적음/ESC-50_non_target/audio_by_category/wind/1-51035-A-16.wav,비표적음,esc50_51035,wind,ESC-50
비표적음/ESC-50_non_target/audio_by_category/wind/1-51036-A-16.wav,비표적음,esc50_51036,wind,ESC-50
비표적음/ESC-50_non_target/audio_by_category/wind/1-51037-A-16.wav,비표적음,esc50_51037,wind,ESC-50
비표적음/ESC-50_non_target/audio_by_category/footsteps/1-51147-A-25.wav,비표적음,esc50_51147,footsteps,ESC-50
비표적음/ESC-50_non_target/audio_by_category/toilet_flush/1-51170-A-18.wav,비표적음,esc50_51170,toilet_flush,ESC-50
비표적음/ESC-50_non_target/audio_by_category/pouring_water/1-51433-A-17.wav,비표적음,esc50_51433,pouring_water,ESC-50
비표적음/ESC-50_non_target/audio_by_category/pouring_water/1-51436-A-17.wav,비표적음,esc50_51436,pouring_water,ESC-50
비표적음/ESC-50_non_target/audio_by_category/door_wood_creaks/1-51805-A-33.wav,비표적음,esc50_51805,door_wood_creaks,ESC-50
비표적음/ESC-50_non_target/audio_by_category/door_wood_creaks/1-51805-B-33.wav,비표적음,esc50_51805,door_wood_creaks,ESC-50
비표적음/ESC-50_non_target/audio_by_category/door_wood_creaks/1-51805-C-33.wav,비표적음,esc50_51805,door_wood_creaks,ESC-50
비표적음/ESC-50_non_target/audio_by_category/door_wood_creaks/1-51805-D-33.wav,비표적음,esc50_51805,door_wood_creaks,ESC-50
비표적음/ESC-50_non_target/audio_by_category/door_wood_creaks/1-51805-E-33.wav,비표적음,esc50_51805,door_wood_creaks,ESC-50
비표적음/ESC-50_non_target/audio_by_category/door_wood_creaks/1-51805-F-33.wav,비표적음,esc50_51805,door_wood_creaks,ESC-50
비표적음/ESC-50_non_target/audio_by_category/door_wood_creaks/1-51805-G-33.wav,비표적음,esc50_51805,door_wood_creaks,ESC-50
비표적음/ESC-50_non_target/audio_by_category/door_wood_creaks/1-51805-H-33.wav,비표적음,esc50_51805,door_wood_creaks,ESC-50
비표적음/ESC-50_non_target/audio_by_category/coughing/1-52266-A-24.wav,비표적음,esc50_52266,coughing,ESC-50
비표적음/ESC-50_non_target/audio_by_category/coughing/1-52323-A-24.wav,비표적음,esc50_52323,coughing,ESC-50
비표적음/ESC-50_non_target/audio_by_category/snoring/1-53444-A-28.wav,비표적음,esc50_53444,snoring,ESC-50
비표적음/ESC-50_non_target/audio_by_category/airplane/1-53467-A-47.wav,비표적음,esc50_53467,airplane,ESC-50
비표적음/ESC-50_non_target/audio_by_category/keyboard_typing/1-53501-A-32.wav,비표적음,esc50_53501,keyboard_typing,ESC-50
비표적음/ESC-50_non_target/audio_by_category/coughing/1-53663-A-24.wav,비표적음,esc50_53663,coughing,ESC-50
비표적음/ESC-50_non_target/audio_by_category/toilet_flush/1-53670-A-18.wav,비표적음,esc50_53670,toilet_flush,ESC-50
비표적음/ESC-50_non_target/audio_by_category/train/1-54065-A-45.wav,비표적음,esc50_54065,train,ESC-50
비표적음/ESC-50_non_target/audio_by_category/train/1-54065-B-45.wav,비표적음,esc50_54065,train,ESC-50
비표적음/ESC-50_non_target/audio_by_category/sneezing/1-54505-A-21.wav,비표적음,esc50_54505,sneezing,ESC-50
비표적음/ESC-50_non_target/audio_by_category/church_bells/1-54747-A-46.wav,비표적음,esc50_54747,church_bells,ESC-50
비표적음/ESC-50_non_target/audio_by_category/toilet_flush/1-54752-A-18.wav,비표적음,esc50_54752,toilet_flush,ESC-50
비표적음/ESC-50_non_target/audio_by_category/chirping_birds/1-54918-A-14.wav,비표적음,esc50_54918,chirping_birds,ESC-50
비표적음/ESC-50_non_target/audio_by_category/chirping_birds/1-54918-B-14.wav,비표적음,esc50_54918,chirping_birds,ESC-50
비표적음/ESC-50_non_target/audio_by_category/rain/1-54958-A-10.wav,비표적음,esc50_54958,rain,ESC-50
비표적음/ESC-50_non_target/audio_by_category/crow/1-56233-A-9.wav,비표적음,esc50_56233,crow,ESC-50
비표적음/ESC-50_non_target/audio_by_category/crow/1-56234-A-9.wav,비표적음,esc50_56234,crow,ESC-50
비표적음/ESC-50_non_target/audio_by_category/toilet_flush/1-56269-A-18.wav,비표적음,esc50_56269,toilet_flush,ESC-50
비표적음/ESC-50_non_target/audio_by_category/drinking_sipping/1-56270-A-29.wav,비표적음,esc50_56270,drinking_sipping,ESC-50
비표적음/ESC-50_non_target/audio_by_category/rain/1-56311-A-10.wav,비표적음,esc50_56311,rain,ESC-50
비표적음/ESC-50_non_target/audio_by_category/cat/1-56380-A-5.wav,비표적음,esc50_56380,cat,ESC-50
비표적음/ESC-50_non_target/audio_by_category/cat/1-56380-B-5.wav,비표적음,esc50_56380,cat,ESC-50
비표적음/ESC-50_non_target/audio_by_category/church_bells/1-56907-A-46.wav,비표적음,esc50_56907,church_bells,ESC-50
비표적음/ESC-50_non_target/audio_by_category/clock_tick/1-57163-A-38.wav,비표적음,esc50_57163,clock_tick,ESC-50
비표적음/ESC-50_non_target/audio_by_category/crickets/1-57316-A-13.wav,비표적음,esc50_57316,crickets,ESC-50
비표적음/ESC-50_non_target/audio_by_category/crickets/1-57318-A-13.wav,비표적음,esc50_57318,crickets,ESC-50
비표적음/ESC-50_non_target/audio_by_category/sheep/1-57795-A-8.wav,비표적음,esc50_57795,sheep,ESC-50
비표적음/ESC-50_non_target/audio_by_category/cow/1-58277-A-3.wav,비표적음,esc50_58277,cow,ESC-50
비표적음/ESC-50_non_target/audio_by_category/coughing/1-58792-A-24.wav,비표적음,esc50_58792,coughing,ESC-50
비표적음/ESC-50_non_target/audio_by_category/can_opening/1-58846-A-34.wav,비표적음,esc50_58846,can_opening,ESC-50
비표적음/ESC-50_non_target/audio_by_category/brushing_teeth/1-58923-A-27.wav,비표적음,esc50_58923,brushing_teeth,ESC-50
비표적음/ESC-50_non_target/audio_by_category/brushing_teeth/1-58923-B-27.wav,비표적음,esc50_58923,brushing_teeth,ESC-50
비표적음/ESC-50_non_target/audio_by_category/crickets/1-59102-A-13.wav,비표적음,esc50_59102,crickets,ESC-50
비표적음/ESC-50_non_target/audio_by_category/sneezing/1-59324-A-21.wav,비표적음,esc50_59324,sneezing,ESC-50
비표적음/ESC-50_non_target/audio_by_category/dog/1-59513-A-0.wav,비표적음,esc50_59513,dog,ESC-50
비표적음/ESC-50_non_target/audio_by_category/hen/1-5996-A-6.wav,비표적음,esc50_5996,hen,ESC-50
비표적음/ESC-50_non_target/audio_by_category/vacuum_cleaner/1-60460-A-36.wav,비표적음,esc50_60460,vacuum_cleaner,ESC-50
비표적음/ESC-50_non_target/audio_by_category/can_opening/1-60676-A-34.wav,비표적음,esc50_60676,can_opening,ESC-50
비표적음/ESC-50_non_target/audio_by_category/keyboard_typing/1-61212-A-32.wav,비표적음,esc50_61212,keyboard_typing,ESC-50
비표적음/ESC-50_non_target/audio_by_category/pouring_water/1-61221-A-17.wav,비표적음,esc50_61221,pouring_water,ESC-50
비표적음/ESC-50_non_target/audio_by_category/sea_waves/1-61252-A-11.wav,비표적음,esc50_61252,sea_waves,ESC-50
비표적음/ESC-50_non_target/audio_by_category/engine/1-61261-A-44.wav,비표적음,esc50_61261,engine,ESC-50
비표적음/ESC-50_non_target/audio_by_category/brushing_teeth/1-61534-A-27.wav,비표적음,esc50_61534,brushing_teeth,ESC-50
비표적음/ESC-50_non_target/audio_by_category/train/1-62509-A-45.wav,비표적음,esc50_62509,train,ESC-50
비표적음/ESC-50_non_target/audio_by_category/engine/1-62565-A-44.wav,비표적음,esc50_62565,engine,ESC-50
비표적음/ESC-50_non_target/audio_by_category/keyboard_typing/1-62594-A-32.wav,비표적음,esc50_62594,keyboard_typing,ESC-50
비표적음/ESC-50_non_target/audio_by_category/clock_tick/1-62849-A-38.wav,비표적음,esc50_62849,clock_tick,ESC-50
비표적음/ESC-50_non_target/audio_by_category/clock_tick/1-62850-A-38.wav,비표적음,esc50_62850,clock_tick,ESC-50
비표적음/ESC-50_non_target/audio_by_category/coughing/1-63679-A-24.wav,비표적음,esc50_63679,coughing,ESC-50
비표적음/ESC-50_non_target/audio_by_category/rain/1-63871-A-10.wav,비표적음,esc50_63871,rain,ESC-50
비표적음/ESC-50_non_target/audio_by_category/chainsaw/1-64398-A-41.wav,비표적음,esc50_64398,chainsaw,ESC-50
비표적음/ESC-50_non_target/audio_by_category/chainsaw/1-64398-B-41.wav,비표적음,esc50_64398,chainsaw,ESC-50
비표적음/ESC-50_non_target/audio_by_category/train/1-64473-A-45.wav,비표적음,esc50_64473,train,ESC-50
비표적음/ESC-50_non_target/audio_by_category/crickets/1-65483-A-13.wav,비표적음,esc50_65483,crickets,ESC-50
비표적음/ESC-50_non_target/audio_by_category/clock_alarm/1-67033-A-37.wav,비표적음,esc50_67033,clock_alarm,ESC-50
비표적음/ESC-50_non_target/audio_by_category/pouring_water/1-67152-A-17.wav,비표적음,esc50_67152,pouring_water,ESC-50
비표적음/ESC-50_non_target/audio_by_category/drinking_sipping/1-67230-A-29.wav,비표적음,esc50_67230,drinking_sipping,ESC-50
비표적음/ESC-50_non_target/audio_by_category/brushing_teeth/1-67432-A-27.wav,비표적음,esc50_67432,brushing_teeth,ESC-50
비표적음/ESC-50_non_target/audio_by_category/brushing_teeth/1-68628-A-27.wav,비표적음,esc50_68628,brushing_teeth,ESC-50
비표적음/ESC-50_non_target/audio_by_category/can_opening/1-68670-A-34.wav,비표적음,esc50_68670,can_opening,ESC-50
비표적음/ESC-50_non_target/audio_by_category/can_opening/1-68734-A-34.wav,비표적음,esc50_68734,can_opening,ESC-50
비표적음/ESC-50_non_target/audio_by_category/can_opening/1-69165-A-34.wav,비표적음,esc50_69165,can_opening,ESC-50
비표적음/ESC-50_non_target/audio_by_category/cow/1-69422-A-3.wav,비표적음,esc50_69422,cow,ESC-50
비표적음/ESC-50_non_target/audio_by_category/cow/1-69641-A-3.wav,비표적음,esc50_69641,cow,ESC-50
비표적음/ESC-50_non_target/audio_by_category/wind/1-69760-A-16.wav,비표적음,esc50_69760,wind,ESC-50
비표적음/ESC-50_non_target/audio_by_category/train/1-70300-A-45.wav,비표적음,esc50_70300,train,ESC-50
비표적음/ESC-50_non_target/audio_by_category/crackling_fire/1-7057-A-12.wav,비표적음,esc50_7057,crackling_fire,ESC-50
비표적음/ESC-50_non_target/audio_by_category/hen/1-71030-A-6.wav,비표적음,esc50_71030,hen,ESC-50
비표적음/ESC-50_non_target/audio_by_category/clock_alarm/1-72195-A-37.wav,비표적음,esc50_72195,clock_alarm,ESC-50
비표적음/ESC-50_non_target/audio_by_category/clock_alarm/1-72195-B-37.wav,비표적음,esc50_72195,clock_alarm,ESC-50
비표적음/ESC-50_non_target/audio_by_category/hen/1-72229-A-6.wav,비표적음,esc50_72229,hen,ESC-50
비표적음/ESC-50_non_target/audio_by_category/hen/1-72229-B-6.wav,비표적음,esc50_72229,hen,ESC-50
비표적음/ESC-50_non_target/audio_by_category/laughing/1-72695-A-26.wav,비표적음,esc50_72695,laughing,ESC-50
비표적음/ESC-50_non_target/audio_by_category/laughing/1-73123-A-26.wav,비표적음,esc50_73123,laughing,ESC-50
비표적음/ESC-50_non_target/audio_by_category/insects/1-73585-A-7.wav,비표적음,esc50_73585,insects,ESC-50
비표적음/ESC-50_non_target/audio_by_category/clock_alarm/1-74517-A-37.wav,비표적음,esc50_74517,clock_alarm,ESC-50
비표적음/ESC-50_non_target/audio_by_category/crickets/1-7456-A-13.wav,비표적음,esc50_7456,crickets,ESC-50
비표적음/ESC-50_non_target/audio_by_category/crow/1-75162-A-9.wav,비표적음,esc50_75162,crow,ESC-50
비표적음/ESC-50_non_target/audio_by_category/insects/1-75189-A-7.wav,비표적음,esc50_75189,insects,ESC-50
비표적음/ESC-50_non_target/audio_by_category/sheep/1-75190-A-8.wav,비표적음,esc50_75190,sheep,ESC-50
비표적음/ESC-50_non_target/audio_by_category/cow/1-77160-A-3.wav,비표적음,esc50_77160,cow,ESC-50
비표적음/ESC-50_non_target/audio_by_category/cow/1-77241-A-3.wav,비표적음,esc50_77241,cow,ESC-50
비표적음/ESC-50_non_target/audio_by_category/cat/1-79113-A-5.wav,비표적음,esc50_79113,cat,ESC-50
비표적음/ESC-50_non_target/audio_by_category/drinking_sipping/1-79146-A-29.wav,비표적음,esc50_79146,drinking_sipping,ESC-50
비표적음/ESC-50_non_target/audio_by_category/pouring_water/1-79220-A-17.wav,비표적음,esc50_79220,pouring_water,ESC-50
비표적음/ESC-50_non_target/audio_by_category/vacuum_cleaner/1-79236-A-36.wav,비표적음,esc50_79236,vacuum_cleaner,ESC-50
비표적음/ESC-50_non_target/audio_by_category/keyboard_typing/1-79711-A-32.wav,비표적음,esc50_79711,keyboard_typing,ESC-50
비표적음/ESC-50_non_target/audio_by_category/insects/1-7973-A-7.wav,비표적음,esc50_7973,insects,ESC-50
비표적음/ESC-50_non_target/audio_by_category/hand_saw/1-7974-A-49.wav,비표적음,esc50_7974,hand_saw,ESC-50
비표적음/ESC-50_non_target/audio_by_category/hand_saw/1-7974-B-49.wav,비표적음,esc50_7974,hand_saw,ESC-50
비표적음/ESC-50_non_target/audio_by_category/insects/1-80785-A-7.wav,비표적음,esc50_80785,insects,ESC-50
비표적음/ESC-50_non_target/audio_by_category/crickets/1-80840-A-13.wav,비표적음,esc50_80840,crickets,ESC-50
비표적음/ESC-50_non_target/audio_by_category/crickets/1-80841-A-13.wav,비표적음,esc50_80841,crickets,ESC-50
비표적음/ESC-50_non_target/audio_by_category/cow/1-81269-A-3.wav,비표적음,esc50_81269,cow,ESC-50
비표적음/ESC-50_non_target/audio_by_category/mouse_click/1-81851-A-31.wav,비표적음,esc50_81851,mouse_click,ESC-50
비표적음/ESC-50_non_target/audio_by_category/sneezing/1-81883-A-21.wav,비표적음,esc50_81883,sneezing,ESC-50
비표적음/ESC-50_non_target/audio_by_category/keyboard_typing/1-84393-A-32.wav,비표적음,esc50_84393,keyboard_typing,ESC-50
비표적음/ESC-50_non_target/audio_by_category/glass_breaking/1-84536-A-39.wav,비표적음,esc50_84536,glass_breaking,ESC-50
비표적음/ESC-50_non_target/audio_by_category/glass_breaking/1-84704-A-39.wav,비표적음,esc50_84704,glass_breaking,ESC-50
비표적음/ESC-50_non_target/audio_by_category/glass_breaking/1-84705-A-39.wav,비표적음,esc50_84705,glass_breaking,ESC-50
비표적음/ESC-50_non_target/audio_by_category/mouse_click/1-85123-A-31.wav,비표적음,esc50_85123,mouse_click,ESC-50
비표적음/ESC-50_non_target/audio_by_category/glass_breaking/1-85168-A-39.wav,비표적음,esc50_85168,glass_breaking,ESC-50
비표적음/ESC-50_non_target/audio_by_category/glass_breaking/1-85184-A-39.wav,비표적음,esc50_85184,glass_breaking,ESC-50
비표적음/ESC-50_non_target/audio_by_category/dog/1-85362-A-0.wav,비표적음,esc50_85362,dog,ESC-50
비표적음/ESC-50_non_target/audio_by_category/drinking_sipping/1-85909-A-29.wav,비표적음,esc50_85909,drinking_sipping,ESC-50
비표적음/ESC-50_non_target/audio_by_category/drinking_sipping/1-87565-A-29.wav,비표적음,esc50_87565,drinking_sipping,ESC-50
비표적음/ESC-50_non_target/audio_by_category/train/1-88409-A-45.wav,비표적음,esc50_88409,train,ESC-50
비표적음/ESC-50_non_target/audio_by_category/train/1-88409-B-45.wav,비표적음,esc50_88409,train,ESC-50
비표적음/ESC-50_non_target/audio_by_category/sheep/1-88574-A-8.wav,비표적음,esc50_88574,sheep,ESC-50
비표적음/ESC-50_non_target/audio_by_category/glass_breaking/1-88807-A-39.wav,비표적음,esc50_88807,glass_breaking,ESC-50
비표적음/ESC-50_non_target/audio_by_category/water_drops/1-90797-A-15.wav,비표적음,esc50_90797,water_drops,ESC-50
비표적음/ESC-50_non_target/audio_by_category/sea_waves/1-91359-A-11.wav,비표적음,esc50_91359,sea_waves,ESC-50
비표적음/ESC-50_non_target/audio_by_category/sea_waves/1-91359-B-11.wav,비표적음,esc50_91359,sea_waves,ESC-50
비표적음/ESC-50_non_target/audio_by_category/clapping/1-94036-A-22.wav,비표적음,esc50_94036,clapping,ESC-50
비표적음/ESC-50_non_target/audio_by_category/keyboard_typing/1-94231-A-32.wav,비표적음,esc50_94231,keyboard_typing,ESC-50
비표적음/ESC-50_non_target/audio_by_category/keyboard_typing/1-94231-B-32.wav,비표적음,esc50_94231,keyboard_typing,ESC-50
비표적음/ESC-50_non_target/audio_by_category/mouse_click/1-95563-A-31.wav,비표적음,esc50_95563,mouse_click,ESC-50
비표적음/ESC-50_non_target/audio_by_category/clock_alarm/1-96890-A-37.wav,비표적음,esc50_96890,clock_alarm,ESC-50
비표적음/ESC-50_non_target/audio_by_category/crow/1-96950-A-9.wav,비표적음,esc50_96950,crow,ESC-50
비표적음/ESC-50_non_target/audio_by_category/crow/1-96950-B-9.wav,비표적음,esc50_96950,crow,ESC-50
비표적음/ESC-50_non_target/audio_by_category/dog/1-97392-A-0.wav,비표적음,esc50_97392,dog,ESC-50
비표적음/ESC-50_non_target/audio_by_category/glass_breaking/1-977-A-39.wav,비표적음,esc50_977,glass_breaking,ESC-50
비표적음/ESC-50_non_target/audio_by_category/mouse_click/1-97793-A-31.wav,비표적음,esc50_97793,mouse_click,ESC-50
비표적음/ESC-50_non_target/audio_by_category/crickets/1-9841-A-13.wav,비표적음,esc50_9841,crickets,ESC-50
비표적음/ESC-50_non_target/audio_by_category/hand_saw/1-9886-A-49.wav,비표적음,esc50_9886,hand_saw,ESC-50
비표적음/ESC-50_non_target/audio_by_category/hand_saw/1-9887-A-49.wav,비표적음,esc50_9887,hand_saw,ESC-50
비표적음/ESC-50_non_target/audio_by_category/hand_saw/1-9887-B-49.wav,비표적음,esc50_9887,hand_saw,ESC-50
비표적음/ESC-50_non_target/audio_by_category/mouse_click/1-99958-A-31.wav,비표적음,esc50_99958,mouse_click,ESC-50
비표적음/ESC-50_non_target/audio_by_category/car_horn/2-100648-A-43.wav,비표적음,esc50_100648,car_horn,ESC-50
비표적음/ESC-50_non_target/audio_by_category/rooster/2-100786-A-1.wav,비표적음,esc50_100786,rooster,ESC-50
비표적음/ESC-50_non_target/audio_by_category/rain/2-101676-A-10.wav,비표적음,esc50_101676,rain,ESC-50
비표적음/ESC-50_non_target/audio_by_category/pouring_water/2-102414-A-17.wav,비표적음,esc50_102414,pouring_water,ESC-50
비표적음/ESC-50_non_target/audio_by_category/pouring_water/2-102414-B-17.wav,비표적음,esc50_102414,pouring_water,ESC-50
비표적음/ESC-50_non_target/audio_by_category/pouring_water/2-102414-C-17.wav,비표적음,esc50_102414,pouring_water,ESC-50
비표적음/ESC-50_non_target/audio_by_category/pouring_water/2-102414-D-17.wav,비표적음,esc50_102414,pouring_water,ESC-50
비표적음/ESC-50_non_target/audio_by_category/pouring_water/2-102414-E-17.wav,비표적음,esc50_102414,pouring_water,ESC-50
비표적음/ESC-50_non_target/audio_by_category/pouring_water/2-102414-F-17.wav,비표적음,esc50_102414,pouring_water,ESC-50
비표적음/ESC-50_non_target/audio_by_category/pouring_water/2-102414-G-17.wav,비표적음,esc50_102414,pouring_water,ESC-50
비표적음/ESC-50_non_target/audio_by_category/clock_alarm/2-102435-A-37.wav,비표적음,esc50_102435,clock_alarm,ESC-50
비표적음/ESC-50_non_target/audio_by_category/washing_machine/2-102567-A-35.wav,비표적음,esc50_102567,washing_machine,ESC-50
비표적음/ESC-50_non_target/audio_by_category/washing_machine/2-102567-B-35.wav,비표적음,esc50_102567,washing_machine,ESC-50
비표적음/ESC-50_non_target/audio_by_category/washing_machine/2-102567-C-35.wav,비표적음,esc50_102567,washing_machine,ESC-50
비표적음/ESC-50_non_target/audio_by_category/washing_machine/2-102567-D-35.wav,비표적음,esc50_102567,washing_machine,ESC-50
비표적음/ESC-50_non_target/audio_by_category/washing_machine/2-102568-A-35.wav,비표적음,esc50_102568,washing_machine,ESC-50
비표적음/ESC-50_non_target/audio_by_category/drinking_sipping/2-102581-A-29.wav,비표적음,esc50_102581,drinking_sipping,ESC-50
비표적음/ESC-50_non_target/audio_by_category/drinking_sipping/2-102581-B-29.wav,비표적음,esc50_102581,drinking_sipping,ESC-50
비표적음/ESC-50_non_target/audio_by_category/sea_waves/2-102852-A-11.wav,비표적음,esc50_102852,sea_waves,ESC-50
비표적음/ESC-50_non_target/audio_by_category/cow/2-103423-A-3.wav,비표적음,esc50_103423,cow,ESC-50
비표적음/ESC-50_non_target/audio_by_category/cow/2-103424-A-3.wav,비표적음,esc50_103424,cow,ESC-50
비표적음/ESC-50_non_target/audio_by_category/cow/2-103426-A-3.wav,비표적음,esc50_103426,cow,ESC-50
비표적음/ESC-50_non_target/audio_by_category/cow/2-103427-A-3.wav,비표적음,esc50_103427,cow,ESC-50
비표적음/ESC-50_non_target/audio_by_category/cow/2-103428-A-3.wav,비표적음,esc50_103428,cow,ESC-50
비표적음/ESC-50_non_target/audio_by_category/thunderstorm/2-104105-A-19.wav,비표적음,esc50_104105,thunderstorm,ESC-50
비표적음/ESC-50_non_target/audio_by_category/thunderstorm/2-104105-B-19.wav,비표적음,esc50_104105,thunderstorm,ESC-50
비표적음/ESC-50_non_target/audio_by_category/keyboard_typing/2-104168-A-32.wav,비표적음,esc50_104168,keyboard_typing,ESC-50
비표적음/ESC-50_non_target/audio_by_category/clock_alarm/2-104475-A-37.wav,비표적음,esc50_104475,clock_alarm,ESC-50
비표적음/ESC-50_non_target/audio_by_category/clock_alarm/2-104476-A-37.wav,비표적음,esc50_104476,clock_alarm,ESC-50
비표적음/ESC-50_non_target/audio_by_category/cow/2-104877-A-3.wav,비표적음,esc50_104877,cow,ESC-50
비표적음/ESC-50_non_target/audio_by_category/wind/2-104952-A-16.wav,비표적음,esc50_104952,wind,ESC-50
비표적음/ESC-50_non_target/audio_by_category/wind/2-104952-B-16.wav,비표적음,esc50_104952,wind,ESC-50
비표적음/ESC-50_non_target/audio_by_category/airplane/2-105270-A-47.wav,비표적음,esc50_105270,airplane,ESC-50
비표적음/ESC-50_non_target/audio_by_category/engine/2-106014-A-44.wav,비표적음,esc50_106014,engine,ESC-50
비표적음/ESC-50_non_target/audio_by_category/engine/2-106015-A-44.wav,비표적음,esc50_106015,engine,ESC-50
비표적음/ESC-50_non_target/audio_by_category/engine/2-106015-B-44.wav,비표적음,esc50_106015,engine,ESC-50
비표적음/ESC-50_non_target/audio_by_category/crickets/2-106019-A-13.wav,비표적음,esc50_106019,crickets,ESC-50
비표적음/ESC-50_non_target/audio_by_category/vacuum_cleaner/2-106072-A-36.wav,비표적음,esc50_106072,vacuum_cleaner,ESC-50
비표적음/ESC-50_non_target/audio_by_category/vacuum_cleaner/2-106073-A-36.wav,비표적음,esc50_106073,vacuum_cleaner,ESC-50
비표적음/ESC-50_non_target/audio_by_category/engine/2-106486-A-44.wav,비표적음,esc50_106486,engine,ESC-50
비표적음/ESC-50_non_target/audio_by_category/engine/2-106487-A-44.wav,비표적음,esc50_106487,engine,ESC-50
비표적음/ESC-50_non_target/audio_by_category/airplane/2-106849-A-47.wav,비표적음,esc50_106849,airplane,ESC-50
비표적음/ESC-50_non_target/audio_by_category/glass_breaking/2-106881-A-39.wav,비표적음,esc50_106881,glass_breaking,ESC-50
비표적음/ESC-50_non_target/audio_by_category/engine/2-107228-A-44.wav,비표적음,esc50_107228,engine,ESC-50
비표적음/ESC-50_non_target/audio_by_category/engine/2-107228-B-44.wav,비표적음,esc50_107228,engine,ESC-50
비표적음/ESC-50_non_target/audio_by_category/coughing/2-108017-A-24.wav,비표적음,esc50_108017,coughing,ESC-50
비표적음/ESC-50_non_target/audio_by_category/chirping_birds/2-108760-A-14.wav,비표적음,esc50_108760,chirping_birds,ESC-50
비표적음/ESC-50_non_target/audio_by_category/chirping_birds/2-108760-B-14.wav,비표적음,esc50_108760,chirping_birds,ESC-50
비표적음/ESC-50_non_target/audio_by_category/chirping_birds/2-108761-A-14.wav,비표적음,esc50_108761,chirping_birds,ESC-50
비표적음/ESC-50_non_target/audio_by_category/crow/2-108763-A-9.wav,비표적음,esc50_108763,crow,ESC-50
비표적음/ESC-50_non_target/audio_by_category/crow/2-108766-A-9.wav,비표적음,esc50_108766,crow,ESC-50
비표적음/ESC-50_non_target/audio_by_category/crow/2-108767-A-9.wav,비표적음,esc50_108767,crow,ESC-50
비표적음/ESC-50_non_target/audio_by_category/crow/2-108767-B-9.wav,비표적음,esc50_108767,crow,ESC-50
비표적음/ESC-50_non_target/audio_by_category/crow/2-108767-C-9.wav,비표적음,esc50_108767,crow,ESC-50
비표적음/ESC-50_non_target/audio_by_category/crow/2-109231-A-9.wav,비표적음,esc50_109231,crow,ESC-50
비표적음/ESC-50_non_target/audio_by_category/crow/2-109231-B-9.wav,비표적음,esc50_109231,crow,ESC-50
비표적음/ESC-50_non_target/audio_by_category/crow/2-109231-C-9.wav,비표적음,esc50_109231,crow,ESC-50
비표적음/ESC-50_non_target/audio_by_category/keyboard_typing/2-109316-A-32.wav,비표적음,esc50_109316,keyboard_typing,ESC-50
비표적음/ESC-50_non_target/audio_by_category/wind/2-109371-A-16.wav,비표적음,esc50_109371,wind,ESC-50
비표적음/ESC-50_non_target/audio_by_category/wind/2-109371-B-16.wav,비표적음,esc50_109371,wind,ESC-50
비표적음/ESC-50_non_target/audio_by_category/wind/2-109371-C-16.wav,비표적음,esc50_109371,wind,ESC-50
비표적음/ESC-50_non_target/audio_by_category/wind/2-109371-D-16.wav,비표적음,esc50_109371,wind,ESC-50
비표적음/ESC-50_non_target/audio_by_category/wind/2-109374-A-16.wav,비표적음,esc50_109374,wind,ESC-50
비표적음/ESC-50_non_target/audio_by_category/sneezing/2-109505-A-21.wav,비표적음,esc50_109505,sneezing,ESC-50
비표적음/ESC-50_non_target/audio_by_category/laughing/2-109759-A-26.wav,비표적음,esc50_109759,laughing,ESC-50
비표적음/ESC-50_non_target/audio_by_category/laughing/2-109759-B-26.wav,비표적음,esc50_109759,laughing,ESC-50
비표적음/ESC-50_non_target/audio_by_category/cat/2-110010-A-5.wav,비표적음,esc50_110010,cat,ESC-50
비표적음/ESC-50_non_target/audio_by_category/cat/2-110011-A-5.wav,비표적음,esc50_110011,cat,ESC-50
비표적음/ESC-50_non_target/audio_by_category/snoring/2-110417-A-28.wav,비표적음,esc50_110417,snoring,ESC-50
비표적음/ESC-50_non_target/audio_by_category/snoring/2-110417-B-28.wav,비표적음,esc50_110417,snoring,ESC-50
비표적음/ESC-50_non_target/audio_by_category/crickets/2-110613-A-13.wav,비표적음,esc50_110613,crickets,ESC-50
비표적음/ESC-50_non_target/audio_by_category/sheep/2-110614-A-8.wav,비표적음,esc50_110614,sheep,ESC-50
비표적음/ESC-50_non_target/audio_by_category/sheep/2-110614-B-8.wav,비표적음,esc50_110614,sheep,ESC-50
비표적음/ESC-50_non_target/audio_by_category/glass_breaking/2-112213-A-39.wav,비표적음,esc50_112213,glass_breaking,ESC-50
비표적음/ESC-50_non_target/audio_by_category/glass_breaking/2-112213-B-39.wav,비표적음,esc50_112213,glass_breaking,ESC-50
비표적음/ESC-50_non_target/audio_by_category/dog/2-114280-A-0.wav,비표적음,esc50_114280,dog,ESC-50
비표적음/ESC-50_non_target/audio_by_category/dog/2-114587-A-0.wav,비표적음,esc50_114587,dog,ESC-50
비표적음/ESC-50_non_target/audio_by_category/snoring/2-114609-A-28.wav,비표적음,esc50_114609,snoring,ESC-50
비표적음/ESC-50_non_target/audio_by_category/snoring/2-114609-B-28.wav,비표적음,esc50_114609,snoring,ESC-50
비표적음/ESC-50_non_target/audio_by_category/dog/2-116400-A-0.wav,비표적음,esc50_116400,dog,ESC-50
비표적음/ESC-50_non_target/audio_by_category/clock_alarm/2-117116-A-37.wav,비표적음,esc50_117116,clock_alarm,ESC-50
비표적음/ESC-50_non_target/audio_by_category/dog/2-117271-A-0.wav,비표적음,esc50_117271,dog,ESC-50
비표적음/ESC-50_non_target/audio_by_category/snoring/2-117330-A-28.wav,비표적음,esc50_117330,snoring,ESC-50
비표적음/ESC-50_non_target/audio_by_category/fireworks/2-117615-A-48.wav,비표적음,esc50_117615,fireworks,ESC-50
비표적음/ESC-50_non_target/audio_by_category/fireworks/2-117615-B-48.wav,비표적음,esc50_117615,fireworks,ESC-50
비표적음/ESC-50_non_target/audio_by_category/fireworks/2-117615-C-48.wav,비표적음,esc50_117615,fireworks,ESC-50
비표적음/ESC-50_non_target/audio_by_category/fireworks/2-117615-D-48.wav,비표적음,esc50_117615,fireworks,ESC-50
비표적음/ESC-50_non_target/audio_by_category/fireworks/2-117615-E-48.wav,비표적음,esc50_117615,fireworks,ESC-50
비표적음/ESC-50_non_target/audio_by_category/fireworks/2-117616-A-48.wav,비표적음,esc50_117616,fireworks,ESC-50
비표적음/ESC-50_non_target/audio_by_category/fireworks/2-117617-A-48.wav,비표적음,esc50_117617,fireworks,ESC-50
비표적음/ESC-50_non_target/audio_by_category/rain/2-117625-A-10.wav,비표적음,esc50_117625,rain,ESC-50
비표적음/ESC-50_non_target/audio_by_category/cow/2-117795-A-3.wav,비표적음,esc50_117795,cow,ESC-50
비표적음/ESC-50_non_target/audio_by_category/cow/2-117795-B-3.wav,비표적음,esc50_117795,cow,ESC-50
비표적음/ESC-50_non_target/audio_by_category/dog/2-118072-A-0.wav,비표적음,esc50_118072,dog,ESC-50
비표적음/ESC-50_non_target/audio_by_category/sneezing/2-118104-A-21.wav,비표적음,esc50_118104,sneezing,ESC-50
비표적음/ESC-50_non_target/audio_by_category/keyboard_typing/2-118459-A-32.wav,비표적음,esc50_118459,keyboard_typing,ESC-50
비표적음/ESC-50_non_target/audio_by_category/keyboard_typing/2-118459-B-32.wav,비표적음,esc50_118459,keyboard_typing,ESC-50
비표적음/ESC-50_non_target/audio_by_category/keyboard_typing/2-118817-A-32.wav,비표적음,esc50_118817,keyboard_typing,ESC-50
비표적음/ESC-50_non_target/audio_by_category/dog/2-118964-A-0.wav,비표적음,esc50_118964,dog,ESC-50
비표적음/ESC-50_non_target/audio_by_category/sneezing/2-119102-A-21.wav,비표적음,esc50_119102,sneezing,ESC-50
비표적음/ESC-50_non_target/audio_by_category/mouse_click/2-119139-A-31.wav,비표적음,esc50_119139,mouse_click,ESC-50
비표적음/ESC-50_non_target/audio_by_category/sheep/2-119161-A-8.wav,비표적음,esc50_119161,sheep,ESC-50
비표적음/ESC-50_non_target/audio_by_category/sheep/2-119161-B-8.wav,비표적음,esc50_119161,sheep,ESC-50
비표적음/ESC-50_non_target/audio_by_category/sheep/2-119161-C-8.wav,비표적음,esc50_119161,sheep,ESC-50
비표적음/ESC-50_non_target/audio_by_category/clock_tick/2-119748-A-38.wav,비표적음,esc50_119748,clock_tick,ESC-50
비표적음/ESC-50_non_target/audio_by_category/keyboard_typing/2-120333-A-32.wav,비표적음,esc50_120333,keyboard_typing,ESC-50
비표적음/ESC-50_non_target/audio_by_category/hen/2-120586-A-6.wav,비표적음,esc50_120586,hen,ESC-50
비표적음/ESC-50_non_target/audio_by_category/hen/2-120587-A-6.wav,비표적음,esc50_120587,hen,ESC-50
비표적음/ESC-50_non_target/audio_by_category/washing_machine/2-121909-A-35.wav,비표적음,esc50_121909,washing_machine,ESC-50
비표적음/ESC-50_non_target/audio_by_category/drinking_sipping/2-121978-A-29.wav,비표적음,esc50_121978,drinking_sipping,ESC-50
비표적음/ESC-50_non_target/audio_by_category/train/2-122066-A-45.wav,비표적음,esc50_122066,train,ESC-50
비표적음/ESC-50_non_target/audio_by_category/train/2-122066-B-45.wav,비표적음,esc50_122066,train,ESC-50
비표적음/ESC-50_non_target/audio_by_category/train/2-122067-A-45.wav,비표적음,esc50_122067,train,ESC-50
비표적음/ESC-50_non_target/audio_by_category/train/2-122067-B-45.wav,비표적음,esc50_122067,train,ESC-50
비표적음/ESC-50_non_target/audio_by_category/dog/2-122104-A-0.wav,비표적음,esc50_122104,dog,ESC-50
비표적음/ESC-50_non_target/audio_by_category/dog/2-122104-B-0.wav,비표적음,esc50_122104,dog,ESC-50
비표적음/ESC-50_non_target/audio_by_category/chirping_birds/2-122616-A-14.wav,비표적음,esc50_122616,chirping_birds,ESC-50
비표적음/ESC-50_non_target/audio_by_category/drinking_sipping/2-122763-A-29.wav,비표적음,esc50_122763,drinking_sipping,ESC-50
비표적음/ESC-50_non_target/audio_by_category/drinking_sipping/2-122763-B-29.wav,비표적음,esc50_122763,drinking_sipping,ESC-50
비표적음/ESC-50_non_target/audio_by_category/vacuum_cleaner/2-122820-A-36.wav,비표적음,esc50_122820,vacuum_cleaner,ESC-50
비표적음/ESC-50_non_target/audio_by_category/vacuum_cleaner/2-122820-B-36.wav,비표적음,esc50_122820,vacuum_cleaner,ESC-50
비표적음/ESC-50_non_target/audio_by_category/door_wood_creaks/2-123712-A-33.wav,비표적음,esc50_123712,door_wood_creaks,ESC-50
비표적음/ESC-50_non_target/audio_by_category/coughing/2-123896-A-24.wav,비표적음,esc50_123896,coughing,ESC-50
비표적음/ESC-50_non_target/audio_by_category/water_drops/2-124564-A-15.wav,비표적음,esc50_124564,water_drops,ESC-50
비표적음/ESC-50_non_target/audio_by_category/sea_waves/2-124662-A-11.wav,비표적음,esc50_124662,sea_waves,ESC-50
비표적음/ESC-50_non_target/audio_by_category/car_horn/2-125520-A-43.wav,비표적음,esc50_125520,car_horn,ESC-50
비표적음/ESC-50_non_target/audio_by_category/crickets/2-125821-A-13.wav,비표적음,esc50_125821,crickets,ESC-50
비표적음/ESC-50_non_target/audio_by_category/crickets/2-125875-A-13.wav,비표적음,esc50_125875,crickets,ESC-50
비표적음/ESC-50_non_target/audio_by_category/sea_waves/2-125966-A-11.wav,비표적음,esc50_125966,sea_waves,ESC-50
비표적음/ESC-50_non_target/audio_by_category/pouring_water/2-126433-A-17.wav,비표적음,esc50_126433,pouring_water,ESC-50
비표적음/ESC-50_non_target/audio_by_category/drinking_sipping/2-126756-A-29.wav,비표적음,esc50_126756,drinking_sipping,ESC-50
비표적음/ESC-50_non_target/audio_by_category/clock_tick/2-127108-A-38.wav,비표적음,esc50_127108,clock_tick,ESC-50
비표적음/ESC-50_non_target/audio_by_category/hen/2-127109-A-6.wav,비표적음,esc50_127109,hen,ESC-50
비표적음/ESC-50_non_target/audio_by_category/car_horn/2-128465-A-43.wav,비표적음,esc50_128465,car_horn,ESC-50
비표적음/ESC-50_non_target/audio_by_category/car_horn/2-128465-B-43.wav,비표적음,esc50_128465,car_horn,ESC-50
비표적음/ESC-50_non_target/audio_by_category/sneezing/2-128631-A-21.wav,비표적음,esc50_128631,sneezing,ESC-50
비표적음/ESC-50_non_target/audio_by_category/can_opening/2-130245-A-34.wav,비표적음,esc50_130245,can_opening,ESC-50
비표적음/ESC-50_non_target/audio_by_category/sneezing/2-130978-A-21.wav,비표적음,esc50_130978,sneezing,ESC-50
비표적음/ESC-50_non_target/audio_by_category/sneezing/2-130979-A-21.wav,비표적음,esc50_130979,sneezing,ESC-50
비표적음/ESC-50_non_target/audio_by_category/clock_tick/2-131943-A-38.wav,비표적음,esc50_131943,clock_tick,ESC-50
비표적음/ESC-50_non_target/audio_by_category/sea_waves/2-132157-A-11.wav,비표적음,esc50_132157,sea_waves,ESC-50
비표적음/ESC-50_non_target/audio_by_category/sea_waves/2-132157-B-11.wav,비표적음,esc50_132157,sea_waves,ESC-50
비표적음/ESC-50_non_target/audio_by_category/sea_waves/2-133863-A-11.wav,비표적음,esc50_133863,sea_waves,ESC-50
비표적음/ESC-50_non_target/audio_by_category/hen/2-134049-A-6.wav,비표적음,esc50_134049,hen,ESC-50
비표적음/ESC-50_non_target/audio_by_category/clock_tick/2-134700-A-38.wav,비표적음,esc50_134700,clock_tick,ESC-50
비표적음/ESC-50_non_target/audio_by_category/train/2-135649-A-45.wav,비표적음,esc50_135649,train,ESC-50
비표적음/ESC-50_non_target/audio_by_category/train/2-135649-B-45.wav,비표적음,esc50_135649,train,ESC-50
비표적음/ESC-50_non_target/audio_by_category/train/2-135649-C-45.wav,비표적음,esc50_135649,train,ESC-50
비표적음/ESC-50_non_target/audio_by_category/clock_tick/2-135728-A-38.wav,비표적음,esc50_135728,clock_tick,ESC-50
비표적음/ESC-50_non_target/audio_by_category/hand_saw/2-135860-A-49.wav,비표적음,esc50_135860,hand_saw,ESC-50
비표적음/ESC-50_non_target/audio_by_category/sea_waves/2-137162-A-11.wav,비표적음,esc50_137162,sea_waves,ESC-50
비표적음/ESC-50_non_target/audio_by_category/mouse_click/2-138257-A-31.wav,비표적음,esc50_138257,mouse_click,ESC-50
비표적음/ESC-50_non_target/audio_by_category/car_horn/2-138465-A-43.wav,비표적음,esc50_138465,car_horn,ESC-50
비표적음/ESC-50_non_target/audio_by_category/water_drops/2-139748-A-15.wav,비표적음,esc50_139748,water_drops,ESC-50
비표적음/ESC-50_non_target/audio_by_category/water_drops/2-139748-B-15.wav,비표적음,esc50_139748,water_drops,ESC-50
비표적음/ESC-50_non_target/audio_by_category/water_drops/2-139749-A-15.wav,비표적음,esc50_139749,water_drops,ESC-50
비표적음/ESC-50_non_target/audio_by_category/clock_tick/2-140147-A-38.wav,비표적음,esc50_140147,clock_tick,ESC-50
비표적음/ESC-50_non_target/audio_by_category/glass_breaking/2-141563-A-39.wav,비표적음,esc50_141563,glass_breaking,ESC-50
비표적음/ESC-50_non_target/audio_by_category/clock_tick/2-141584-A-38.wav,비표적음,esc50_141584,clock_tick,ESC-50
비표적음/ESC-50_non_target/audio_by_category/vacuum_cleaner/2-141681-A-36.wav,비표적음,esc50_141681,vacuum_cleaner,ESC-50
비표적음/ESC-50_non_target/audio_by_category/vacuum_cleaner/2-141681-B-36.wav,비표적음,esc50_141681,vacuum_cleaner,ESC-50
비표적음/ESC-50_non_target/audio_by_category/vacuum_cleaner/2-141682-A-36.wav,비표적음,esc50_141682,vacuum_cleaner,ESC-50
비표적음/ESC-50_non_target/audio_by_category/vacuum_cleaner/2-141682-B-36.wav,비표적음,esc50_141682,vacuum_cleaner,ESC-50
비표적음/ESC-50_non_target/audio_by_category/can_opening/2-144031-A-34.wav,비표적음,esc50_144031,can_opening,ESC-50
비표적음/ESC-50_non_target/audio_by_category/car_horn/2-144137-A-43.wav,비표적음,esc50_144137,car_horn,ESC-50
비표적음/ESC-50_non_target/audio_by_category/mouse_click/2-146877-A-31.wav,비표적음,esc50_146877,mouse_click,ESC-50
비표적음/ESC-50_non_target/audio_by_category/mouse_click/2-146877-B-31.wav,비표적음,esc50_146877,mouse_click,ESC-50
비표적음/ESC-50_non_target/audio_by_category/mouse_click/2-152895-A-31.wav,비표적음,esc50_152895,mouse_click,ESC-50
비표적음/ESC-50_non_target/audio_by_category/mouse_click/2-152964-A-31.wav,비표적음,esc50_152964,mouse_click,ESC-50
비표적음/ESC-50_non_target/audio_by_category/mouse_click/2-153388-A-31.wav,비표적음,esc50_153388,mouse_click,ESC-50
비표적음/ESC-50_non_target/audio_by_category/mouse_click/2-154688-A-31.wav,비표적음,esc50_154688,mouse_click,ESC-50
비표적음/ESC-50_non_target/audio_by_category/sea_waves/2-155801-A-11.wav,비표적음,esc50_155801,sea_waves,ESC-50
비표적음/ESC-50_non_target/audio_by_category/hen/2-157488-A-6.wav,비표적음,esc50_157488,hen,ESC-50
비표적음/ESC-50_non_target/audio_by_category/pig/2-158746-A-2.wav,비표적음,esc50_158746,pig,ESC-50
비표적음/ESC-50_non_target/audio_by_category/pig/2-158746-B-2.wav,비표적음,esc50_158746,pig,ESC-50
비표적음/ESC-50_non_target/audio_by_category/pig/2-158746-C-2.wav,비표적음,esc50_158746,pig,ESC-50
비표적음/ESC-50_non_target/audio_by_category/pig/2-158746-D-2.wav,비표적음,esc50_158746,pig,ESC-50
비표적음/ESC-50_non_target/audio_by_category/insects/2-160128-A-7.wav,비표적음,esc50_160128,insects,ESC-50
비표적음/ESC-50_non_target/audio_by_category/airplane/2-160888-A-47.wav,비표적음,esc50_160888,airplane,ESC-50
비표적음/ESC-50_non_target/audio_by_category/fireworks/2-165801-A-48.wav,비표적음,esc50_165801,fireworks,ESC-50
비표적음/ESC-50_non_target/audio_by_category/pig/2-166644-A-2.wav,비표적음,esc50_166644,pig,ESC-50
비표적음/ESC-50_non_target/audio_by_category/pig/2-166644-B-2.wav,비표적음,esc50_166644,pig,ESC-50
비표적음/ESC-50_non_target/audio_by_category/pig/2-166644-C-2.wav,비표적음,esc50_166644,pig,ESC-50
비표적음/ESC-50_non_target/audio_by_category/glass_breaking/2-173559-A-39.wav,비표적음,esc50_173559,glass_breaking,ESC-50
비표적음/ESC-50_non_target/audio_by_category/glass_breaking/2-173607-A-39.wav,비표적음,esc50_173607,glass_breaking,ESC-50
비표적음/ESC-50_non_target/audio_by_category/glass_breaking/2-173618-A-39.wav,비표적음,esc50_173618,glass_breaking,ESC-50
비표적음/ESC-50_non_target/audio_by_category/sheep/2-182508-A-8.wav,비표적음,esc50_182508,sheep,ESC-50
비표적음/ESC-50_non_target/audio_by_category/sheep/2-182508-B-8.wav,비표적음,esc50_182508,sheep,ESC-50
비표적음/ESC-50_non_target/audio_by_category/hand_saw/2-184077-A-49.wav,비표적음,esc50_184077,hand_saw,ESC-50
비표적음/ESC-50_non_target/audio_by_category/crackling_fire/2-18766-A-12.wav,비표적음,esc50_18766,crackling_fire,ESC-50
비표적음/ESC-50_non_target/audio_by_category/crackling_fire/2-18766-B-12.wav,비표적음,esc50_18766,crackling_fire,ESC-50
비표적음/ESC-50_non_target/audio_by_category/helicopter/2-188822-A-40.wav,비표적음,esc50_188822,helicopter,ESC-50
비표적음/ESC-50_non_target/audio_by_category/helicopter/2-188822-B-40.wav,비표적음,esc50_188822,helicopter,ESC-50
비표적음/ESC-50_non_target/audio_by_category/helicopter/2-188822-C-40.wav,비표적음,esc50_188822,helicopter,ESC-50
비표적음/ESC-50_non_target/audio_by_category/helicopter/2-188822-D-40.wav,비표적음,esc50_188822,helicopter,ESC-50
비표적음/ESC-50_non_target/audio_by_category/sheep/2-196688-A-8.wav,비표적음,esc50_196688,sheep,ESC-50
비표적음/ESC-50_non_target/audio_by_category/wind/2-205966-A-16.wav,비표적음,esc50_205966,wind,ESC-50
비표적음/ESC-50_non_target/audio_by_category/footsteps/2-209471-A-25.wav,비표적음,esc50_209471,footsteps,ESC-50
비표적음/ESC-50_non_target/audio_by_category/footsteps/2-209472-A-25.wav,비표적음,esc50_209472,footsteps,ESC-50
비표적음/ESC-50_non_target/audio_by_category/footsteps/2-209473-A-25.wav,비표적음,esc50_209473,footsteps,ESC-50
비표적음/ESC-50_non_target/audio_by_category/footsteps/2-209474-A-25.wav,비표적음,esc50_209474,footsteps,ESC-50
비표적음/ESC-50_non_target/audio_by_category/footsteps/2-209475-A-25.wav,비표적음,esc50_209475,footsteps,ESC-50
비표적음/ESC-50_non_target/audio_by_category/footsteps/2-209476-A-25.wav,비표적음,esc50_209476,footsteps,ESC-50
비표적음/ESC-50_non_target/audio_by_category/footsteps/2-209477-A-25.wav,비표적음,esc50_209477,footsteps,ESC-50
비표적음/ESC-50_non_target/audio_by_category/footsteps/2-209478-A-25.wav,비표적음,esc50_209478,footsteps,ESC-50
비표적음/ESC-50_non_target/audio_by_category/glass_breaking/2-250710-A-39.wav,비표적음,esc50_250710,glass_breaking,ESC-50
비표적음/ESC-50_non_target/audio_by_category/clapping/2-25292-A-22.wav,비표적음,esc50_25292,clapping,ESC-50
비표적음/ESC-50_non_target/audio_by_category/clapping/2-25293-A-22.wav,비표적음,esc50_25293,clapping,ESC-50
비표적음/ESC-50_non_target/audio_by_category/train/2-262579-A-45.wav,비표적음,esc50_262579,train,ESC-50
비표적음/ESC-50_non_target/audio_by_category/crackling_fire/2-28314-A-12.wav,비표적음,esc50_28314,crackling_fire,ESC-50
비표적음/ESC-50_non_target/audio_by_category/crackling_fire/2-28314-B-12.wav,비표적음,esc50_28314,crackling_fire,ESC-50
비표적음/ESC-50_non_target/audio_by_category/crackling_fire/2-30322-A-12.wav,비표적음,esc50_30322,crackling_fire,ESC-50
비표적음/ESC-50_non_target/audio_by_category/crackling_fire/2-30322-B-12.wav,비표적음,esc50_30322,crackling_fire,ESC-50
비표적음/ESC-50_non_target/audio_by_category/frog/2-32515-A-4.wav,비표적음,esc50_32515,frog,ESC-50
비표적음/ESC-50_non_target/audio_by_category/frog/2-32515-B-4.wav,비표적음,esc50_32515,frog,ESC-50
비표적음/ESC-50_non_target/audio_by_category/frog/2-32515-C-4.wav,비표적음,esc50_32515,frog,ESC-50
비표적음/ESC-50_non_target/audio_by_category/frog/2-32515-D-4.wav,비표적음,esc50_32515,frog,ESC-50
비표적음/ESC-50_non_target/audio_by_category/frog/2-32834-A-4.wav,비표적음,esc50_32834,frog,ESC-50
비표적음/ESC-50_non_target/audio_by_category/helicopter/2-37806-A-40.wav,비표적음,esc50_37806,helicopter,ESC-50
비표적음/ESC-50_non_target/audio_by_category/helicopter/2-37806-B-40.wav,비표적음,esc50_37806,helicopter,ESC-50
비표적음/ESC-50_non_target/audio_by_category/helicopter/2-37806-C-40.wav,비표적음,esc50_37806,helicopter,ESC-50
비표적음/ESC-50_non_target/audio_by_category/helicopter/2-37806-D-40.wav,비표적음,esc50_37806,helicopter,ESC-50
비표적음/ESC-50_non_target/audio_by_category/pig/2-37870-A-2.wav,비표적음,esc50_37870,pig,ESC-50
비표적음/ESC-50_non_target/audio_by_category/thunderstorm/2-39441-A-19.wav,비표적음,esc50_39441,thunderstorm,ESC-50
비표적음/ESC-50_non_target/audio_by_category/thunderstorm/2-39443-A-19.wav,비표적음,esc50_39443,thunderstorm,ESC-50
비표적음/ESC-50_non_target/audio_by_category/thunderstorm/2-39443-B-19.wav,비표적음,esc50_39443,thunderstorm,ESC-50
비표적음/ESC-50_non_target/audio_by_category/thunderstorm/2-39945-A-19.wav,비표적음,esc50_39945,thunderstorm,ESC-50
비표적음/ESC-50_non_target/audio_by_category/thunderstorm/2-39945-B-19.wav,비표적음,esc50_39945,thunderstorm,ESC-50
비표적음/ESC-50_non_target/audio_by_category/thunderstorm/2-39945-C-19.wav,비표적음,esc50_39945,thunderstorm,ESC-50
비표적음/ESC-50_non_target/audio_by_category/car_horn/2-42101-A-43.wav,비표적음,esc50_42101,car_horn,ESC-50
비표적음/ESC-50_non_target/audio_by_category/chainsaw/2-50667-A-41.wav,비표적음,esc50_50667,chainsaw,ESC-50
비표적음/ESC-50_non_target/audio_by_category/chainsaw/2-50667-B-41.wav,비표적음,esc50_50667,chainsaw,ESC-50
비표적음/ESC-50_non_target/audio_by_category/chainsaw/2-50668-A-41.wav,비표적음,esc50_50668,chainsaw,ESC-50
비표적음/ESC-50_non_target/audio_by_category/chainsaw/2-50668-B-41.wav,비표적음,esc50_50668,chainsaw,ESC-50
비표적음/ESC-50_non_target/audio_by_category/breathing/2-50774-A-23.wav,비표적음,esc50_50774,breathing,ESC-50
비표적음/ESC-50_non_target/audio_by_category/washing_machine/2-51173-A-35.wav,비표적음,esc50_51173,washing_machine,ESC-50
비표적음/ESC-50_non_target/audio_by_category/hand_saw/2-51630-A-49.wav,비표적음,esc50_51630,hand_saw,ESC-50
비표적음/ESC-50_non_target/audio_by_category/hand_saw/2-51630-B-49.wav,비표적음,esc50_51630,hand_saw,ESC-50
비표적음/ESC-50_non_target/audio_by_category/snoring/2-52001-A-28.wav,비표적음,esc50_52001,snoring,ESC-50
비표적음/ESC-50_non_target/audio_by_category/snoring/2-52001-B-28.wav,비표적음,esc50_52001,snoring,ESC-50
비표적음/ESC-50_non_target/audio_by_category/frog/2-52085-A-4.wav,비표적음,esc50_52085,frog,ESC-50
비표적음/ESC-50_non_target/audio_by_category/frog/2-52085-B-4.wav,비표적음,esc50_52085,frog,ESC-50
비표적음/ESC-50_non_target/audio_by_category/frog/2-52789-A-4.wav,비표적음,esc50_52789,frog,ESC-50
비표적음/ESC-50_non_target/audio_by_category/car_horn/2-54086-A-43.wav,비표적음,esc50_54086,car_horn,ESC-50
비표적음/ESC-50_non_target/audio_by_category/breathing/2-54961-A-23.wav,비표적음,esc50_54961,breathing,ESC-50
비표적음/ESC-50_non_target/audio_by_category/breathing/2-54962-A-23.wav,비표적음,esc50_54962,breathing,ESC-50
비표적음/ESC-50_non_target/audio_by_category/church_bells/2-56926-A-46.wav,비표적음,esc50_56926,church_bells,ESC-50
비표적음/ESC-50_non_target/audio_by_category/church_bells/2-57191-A-46.wav,비표적음,esc50_57191,church_bells,ESC-50
비표적음/ESC-50_non_target/audio_by_category/clapping/2-57733-A-22.wav,비표적음,esc50_57733,clapping,ESC-50
비표적음/ESC-50_non_target/audio_by_category/washing_machine/2-59241-A-35.wav,비표적음,esc50_59241,washing_machine,ESC-50
비표적음/ESC-50_non_target/audio_by_category/hand_saw/2-59321-A-49.wav,비표적음,esc50_59321,hand_saw,ESC-50
비표적음/ESC-50_non_target/audio_by_category/church_bells/2-59565-A-46.wav,비표적음,esc50_59565,church_bells,ESC-50
비표적음/ESC-50_non_target/audio_by_category/church_bells/2-59566-A-46.wav,비표적음,esc50_59566,church_bells,ESC-50
비표적음/ESC-50_non_target/audio_by_category/hand_saw/2-60180-A-49.wav,비표적음,esc50_60180,hand_saw,ESC-50
비표적음/ESC-50_non_target/audio_by_category/hand_saw/2-60180-B-49.wav,비표적음,esc50_60180,hand_saw,ESC-50
비표적음/ESC-50_non_target/audio_by_category/laughing/2-60791-A-26.wav,비표적음,esc50_60791,laughing,ESC-50
비표적음/ESC-50_non_target/audio_by_category/laughing/2-60794-A-26.wav,비표적음,esc50_60794,laughing,ESC-50
비표적음/ESC-50_non_target/audio_by_category/laughing/2-60795-A-26.wav,비표적음,esc50_60795,laughing,ESC-50
비표적음/ESC-50_non_target/audio_by_category/clapping/2-60900-A-22.wav,비표적음,esc50_60900,clapping,ESC-50
비표적음/ESC-50_non_target/audio_by_category/crackling_fire/2-61311-A-12.wav,비표적음,esc50_61311,crackling_fire,ESC-50
비표적음/ESC-50_non_target/audio_by_category/church_bells/2-61618-A-46.wav,비표적음,esc50_61618,church_bells,ESC-50
비표적음/ESC-50_non_target/audio_by_category/laughing/2-62226-A-26.wav,비표적음,esc50_62226,laughing,ESC-50
비표적음/ESC-50_non_target/audio_by_category/toilet_flush/2-64332-A-18.wav,비표적음,esc50_64332,toilet_flush,ESC-50
비표적음/ESC-50_non_target/audio_by_category/water_drops/2-64962-A-15.wav,비표적음,esc50_64962,water_drops,ESC-50
비표적음/ESC-50_non_target/audio_by_category/water_drops/2-64963-A-15.wav,비표적음,esc50_64963,water_drops,ESC-50
비표적음/ESC-50_non_target/audio_by_category/toilet_flush/2-65484-A-18.wav,비표적음,esc50_65484,toilet_flush,ESC-50
비표적음/ESC-50_non_target/audio_by_category/crackling_fire/2-65747-A-12.wav,비표적음,esc50_65747,crackling_fire,ESC-50
비표적음/ESC-50_non_target/audio_by_category/rooster/2-65750-A-1.wav,비표적음,esc50_65750,rooster,ESC-50
비표적음/ESC-50_non_target/audio_by_category/breathing/2-66205-A-23.wav,비표적음,esc50_66205,breathing,ESC-50
비표적음/ESC-50_non_target/audio_by_category/toilet_flush/2-67422-A-18.wav,비표적음,esc50_67422,toilet_flush,ESC-50
비표적음/ESC-50_non_target/audio_by_category/chainsaw/2-68391-A-41.wav,비표적음,esc50_68391,chainsaw,ESC-50
비표적음/ESC-50_non_target/audio_by_category/chainsaw/2-68391-B-41.wav,비표적음,esc50_68391,chainsaw,ESC-50
비표적음/ESC-50_non_target/audio_by_category/water_drops/2-68595-A-15.wav,비표적음,esc50_68595,water_drops,ESC-50
비표적음/ESC-50_non_target/audio_by_category/water_drops/2-68595-B-15.wav,비표적음,esc50_68595,water_drops,ESC-50
비표적음/ESC-50_non_target/audio_by_category/cat/2-69131-A-5.wav,비표적음,esc50_69131,cat,ESC-50
비표적음/ESC-50_non_target/audio_by_category/cat/2-69131-B-5.wav,비표적음,esc50_69131,cat,ESC-50
비표적음/ESC-50_non_target/audio_by_category/toilet_flush/2-70280-A-18.wav,비표적음,esc50_70280,toilet_flush,ESC-50
비표적음/ESC-50_non_target/audio_by_category/door_wood_creaks/2-70344-A-33.wav,비표적음,esc50_70344,door_wood_creaks,ESC-50
비표적음/ESC-50_non_target/audio_by_category/door_wood_creaks/2-70366-A-33.wav,비표적음,esc50_70366,door_wood_creaks,ESC-50
비표적음/ESC-50_non_target/audio_by_category/door_wood_creaks/2-70367-A-33.wav,비표적음,esc50_70367,door_wood_creaks,ESC-50
비표적음/ESC-50_non_target/audio_by_category/rooster/2-71162-A-1.wav,비표적음,esc50_71162,rooster,ESC-50
비표적음/ESC-50_non_target/audio_by_category/hen/2-72268-A-6.wav,비표적음,esc50_72268,hen,ESC-50
비표적음/ESC-50_non_target/audio_by_category/chirping_birds/2-72547-A-14.wav,비표적음,esc50_72547,chirping_birds,ESC-50
비표적음/ESC-50_non_target/audio_by_category/chirping_birds/2-72547-B-14.wav,비표적음,esc50_72547,chirping_birds,ESC-50
비표적음/ESC-50_non_target/audio_by_category/chirping_birds/2-72547-C-14.wav,비표적음,esc50_72547,chirping_birds,ESC-50
비표적음/ESC-50_non_target/audio_by_category/chirping_birds/2-72547-D-14.wav,비표적음,esc50_72547,chirping_birds,ESC-50
비표적음/ESC-50_non_target/audio_by_category/toilet_flush/2-72677-A-18.wav,비표적음,esc50_72677,toilet_flush,ESC-50
비표적음/ESC-50_non_target/audio_by_category/rain/2-72970-A-10.wav,비표적음,esc50_72970,rain,ESC-50
비표적음/ESC-50_non_target/audio_by_category/rain/2-73027-A-10.wav,비표적음,esc50_73027,rain,ESC-50
비표적음/ESC-50_non_target/audio_by_category/door_wood_creaks/2-7321-A-33.wav,비표적음,esc50_7321,door_wood_creaks,ESC-50
비표적음/ESC-50_non_target/audio_by_category/rain/2-73260-A-10.wav,비표적음,esc50_73260,rain,ESC-50
비표적음/ESC-50_non_target/audio_by_category/brushing_teeth/2-73544-A-27.wav,비표적음,esc50_73544,brushing_teeth,ESC-50
비표적음/ESC-50_non_target/audio_by_category/airplane/2-74361-A-47.wav,비표적음,esc50_74361,airplane,ESC-50
비표적음/ESC-50_non_target/audio_by_category/toilet_flush/2-74977-A-18.wav,비표적음,esc50_74977,toilet_flush,ESC-50
비표적음/ESC-50_non_target/audio_by_category/hen/2-75726-A-6.wav,비표적음,esc50_75726,hen,ESC-50
비표적음/ESC-50_non_target/audio_by_category/clapping/2-76408-A-22.wav,비표적음,esc50_76408,clapping,ESC-50
비표적음/ESC-50_non_target/audio_by_category/clapping/2-76408-B-22.wav,비표적음,esc50_76408,clapping,ESC-50
비표적음/ESC-50_non_target/audio_by_category/clapping/2-76408-C-22.wav,비표적음,esc50_76408,clapping,ESC-50
비표적음/ESC-50_non_target/audio_by_category/clapping/2-76408-D-22.wav,비표적음,esc50_76408,clapping,ESC-50
비표적음/ESC-50_non_target/audio_by_category/hen/2-76868-A-6.wav,비표적음,esc50_76868,hen,ESC-50
비표적음/ESC-50_non_target/audio_by_category/church_bells/2-77346-A-46.wav,비표적음,esc50_77346,church_bells,ESC-50
비표적음/ESC-50_non_target/audio_by_category/church_bells/2-77347-A-46.wav,비표적음,esc50_77347,church_bells,ESC-50
비표적음/ESC-50_non_target/audio_by_category/chainsaw/2-77945-A-41.wav,비표적음,esc50_77945,chainsaw,ESC-50
비표적음/ESC-50_non_target/audio_by_category/chainsaw/2-77945-B-41.wav,비표적음,esc50_77945,chainsaw,ESC-50
비표적음/ESC-50_non_target/audio_by_category/church_bells/2-78381-A-46.wav,비표적음,esc50_78381,church_bells,ESC-50
비표적음/ESC-50_non_target/audio_by_category/clock_alarm/2-78562-A-37.wav,비표적음,esc50_78562,clock_alarm,ESC-50
비표적음/ESC-50_non_target/audio_by_category/clock_alarm/2-78562-B-37.wav,비표적음,esc50_78562,clock_alarm,ESC-50
비표적음/ESC-50_non_target/audio_by_category/engine/2-78651-A-44.wav,비표적음,esc50_78651,engine,ESC-50
비표적음/ESC-50_non_target/audio_by_category/airplane/2-78781-A-47.wav,비표적음,esc50_78781,airplane,ESC-50
비표적음/ESC-50_non_target/audio_by_category/airplane/2-78799-A-47.wav,비표적음,esc50_78799,airplane,ESC-50
비표적음/ESC-50_non_target/audio_by_category/laughing/2-79769-A-26.wav,비표적음,esc50_79769,laughing,ESC-50
비표적음/ESC-50_non_target/audio_by_category/laughing/2-79775-A-26.wav,비표적음,esc50_79775,laughing,ESC-50
비표적음/ESC-50_non_target/audio_by_category/snoring/2-80313-A-28.wav,비표적음,esc50_80313,snoring,ESC-50
비표적음/ESC-50_non_target/audio_by_category/crickets/2-80844-A-13.wav,비표적음,esc50_80844,crickets,ESC-50
비표적음/ESC-50_non_target/audio_by_category/can_opening/2-81112-A-34.wav,비표적음,esc50_81112,can_opening,ESC-50
비표적음/ESC-50_non_target/audio_by_category/can_opening/2-81190-A-34.wav,비표적음,esc50_81190,can_opening,ESC-50
비표적음/ESC-50_non_target/audio_by_category/rooster/2-81270-A-1.wav,비표적음,esc50_81270,rooster,ESC-50
비표적음/ESC-50_non_target/audio_by_category/rain/2-81731-A-10.wav,비표적음,esc50_81731,rain,ESC-50
비표적음/ESC-50_non_target/audio_by_category/insects/2-81970-A-7.wav,비표적음,esc50_81970,insects,ESC-50
비표적음/ESC-50_non_target/audio_by_category/insects/2-81970-B-7.wav,비표적음,esc50_81970,insects,ESC-50
비표적음/ESC-50_non_target/audio_by_category/insects/2-81970-C-7.wav,비표적음,esc50_81970,insects,ESC-50
비표적음/ESC-50_non_target/audio_by_category/brushing_teeth/2-82071-A-27.wav,비표적음,esc50_82071,brushing_teeth,ESC-50
비표적음/ESC-50_non_target/audio_by_category/insects/2-82077-A-7.wav,비표적음,esc50_82077,insects,ESC-50
비표적음/ESC-50_non_target/audio_by_category/cat/2-82274-A-5.wav,비표적음,esc50_82274,cat,ESC-50
비표적음/ESC-50_non_target/audio_by_category/cat/2-82274-B-5.wav,비표적음,esc50_82274,cat,ESC-50
비표적음/ESC-50_non_target/audio_by_category/rain/2-82367-A-10.wav,비표적음,esc50_82367,rain,ESC-50
비표적음/ESC-50_non_target/audio_by_category/breathing/2-82455-A-23.wav,비표적음,esc50_82455,breathing,ESC-50
비표적음/ESC-50_non_target/audio_by_category/sneezing/2-82538-A-21.wav,비표적음,esc50_82538,sneezing,ESC-50
비표적음/ESC-50_non_target/audio_by_category/crickets/2-83270-A-13.wav,비표적음,esc50_83270,crickets,ESC-50
비표적음/ESC-50_non_target/audio_by_category/brushing_teeth/2-83536-A-27.wav,비표적음,esc50_83536,brushing_teeth,ESC-50
비표적음/ESC-50_non_target/audio_by_category/can_opening/2-83667-A-34.wav,비표적음,esc50_83667,can_opening,ESC-50
비표적음/ESC-50_non_target/audio_by_category/can_opening/2-83688-A-34.wav,비표적음,esc50_83688,can_opening,ESC-50
비표적음/ESC-50_non_target/audio_by_category/cat/2-83934-A-5.wav,비표적음,esc50_83934,cat,ESC-50
비표적음/ESC-50_non_target/audio_by_category/cat/2-83934-B-5.wav,비표적음,esc50_83934,cat,ESC-50
비표적음/ESC-50_non_target/audio_by_category/hand_saw/2-84693-A-49.wav,비표적음,esc50_84693,hand_saw,ESC-50
비표적음/ESC-50_non_target/audio_by_category/toilet_flush/2-84943-A-18.wav,비표적음,esc50_84943,toilet_flush,ESC-50
비표적음/ESC-50_non_target/audio_by_category/breathing/2-84965-A-23.wav,비표적음,esc50_84965,breathing,ESC-50
비표적음/ESC-50_non_target/audio_by_category/crickets/2-85139-A-13.wav,비표적음,esc50_85139,crickets,ESC-50
비표적음/ESC-50_non_target/audio_by_category/coughing/2-85292-A-24.wav,비표적음,esc50_85292,coughing,ESC-50
비표적음/ESC-50_non_target/audio_by_category/brushing_teeth/2-85434-A-27.wav,비표적음,esc50_85434,brushing_teeth,ESC-50
비표적음/ESC-50_non_target/audio_by_category/can_opening/2-85471-A-34.wav,비표적음,esc50_85471,can_opening,ESC-50
비표적음/ESC-50_non_target/audio_by_category/toilet_flush/2-85945-A-18.wav,비표적음,esc50_85945,toilet_flush,ESC-50
비표적음/ESC-50_non_target/audio_by_category/brushing_teeth/2-86160-A-27.wav,비표적음,esc50_86160,brushing_teeth,ESC-50
비표적음/ESC-50_non_target/audio_by_category/can_opening/2-87282-A-34.wav,비표적음,esc50_87282,can_opening,ESC-50
비표적음/ESC-50_non_target/audio_by_category/coughing/2-87412-A-24.wav,비표적음,esc50_87412,coughing,ESC-50
비표적음/ESC-50_non_target/audio_by_category/door_wood_creaks/2-87780-A-33.wav,비표적음,esc50_87780,door_wood_creaks,ESC-50
비표적음/ESC-50_non_target/audio_by_category/rain/2-87781-A-10.wav,비표적음,esc50_87781,rain,ESC-50
비표적음/ESC-50_non_target/audio_by_category/coughing/2-87794-A-24.wav,비표적음,esc50_87794,coughing,ESC-50
비표적음/ESC-50_non_target/audio_by_category/coughing/2-87795-A-24.wav,비표적음,esc50_87795,coughing,ESC-50
비표적음/ESC-50_non_target/audio_by_category/coughing/2-87799-A-24.wav,비표적음,esc50_87799,coughing,ESC-50
비표적음/ESC-50_non_target/audio_by_category/clock_tick/2-88724-A-38.wav,비표적음,esc50_88724,clock_tick,ESC-50
비표적음/ESC-50_non_target/audio_by_category/clock_alarm/2-89516-A-37.wav,비표적음,esc50_89516,clock_alarm,ESC-50
비표적음/ESC-50_non_target/audio_by_category/door_wood_creaks/2-91912-A-33.wav,비표적음,esc50_91912,door_wood_creaks,ESC-50
비표적음/ESC-50_non_target/audio_by_category/door_wood_creaks/2-91912-B-33.wav,비표적음,esc50_91912,door_wood_creaks,ESC-50
비표적음/ESC-50_non_target/audio_by_category/brushing_teeth/2-92627-A-27.wav,비표적음,esc50_92627,brushing_teeth,ESC-50
비표적음/ESC-50_non_target/audio_by_category/drinking_sipping/2-92978-A-29.wav,비표적음,esc50_92978,drinking_sipping,ESC-50
비표적음/ESC-50_non_target/audio_by_category/sneezing/2-93030-A-21.wav,비표적음,esc50_93030,sneezing,ESC-50
비표적음/ESC-50_non_target/audio_by_category/brushing_teeth/2-94230-A-27.wav,비표적음,esc50_94230,brushing_teeth,ESC-50
비표적음/ESC-50_non_target/audio_by_category/drinking_sipping/2-94807-A-29.wav,비표적음,esc50_94807,drinking_sipping,ESC-50
비표적음/ESC-50_non_target/audio_by_category/rooster/2-95035-A-1.wav,비표적음,esc50_95035,rooster,ESC-50
비표적음/ESC-50_non_target/audio_by_category/rooster/2-95258-A-1.wav,비표적음,esc50_95258,rooster,ESC-50
비표적음/ESC-50_non_target/audio_by_category/rooster/2-95258-B-1.wav,비표적음,esc50_95258,rooster,ESC-50
비표적음/ESC-50_non_target/audio_by_category/breathing/2-95567-A-23.wav,비표적음,esc50_95567,breathing,ESC-50
비표적음/ESC-50_non_target/audio_by_category/crickets/2-96033-A-13.wav,비표적음,esc50_96033,crickets,ESC-50
비표적음/ESC-50_non_target/audio_by_category/clock_alarm/2-96063-A-37.wav,비표적음,esc50_96063,clock_alarm,ESC-50
비표적음/ESC-50_non_target/audio_by_category/rooster/2-96460-A-1.wav,비표적음,esc50_96460,rooster,ESC-50
비표적음/ESC-50_non_target/audio_by_category/airplane/2-96654-A-47.wav,비표적음,esc50_96654,airplane,ESC-50
비표적음/ESC-50_non_target/audio_by_category/brushing_teeth/2-96904-A-27.wav,비표적음,esc50_96904,brushing_teeth,ESC-50
비표적음/ESC-50_non_target/audio_by_category/breathing/2-98392-A-23.wav,비표적음,esc50_98392,breathing,ESC-50
비표적음/ESC-50_non_target/audio_by_category/coughing/2-98676-A-24.wav,비표적음,esc50_98676,coughing,ESC-50
비표적음/ESC-50_non_target/audio_by_category/airplane/2-98866-A-47.wav,비표적음,esc50_98866,airplane,ESC-50
비표적음/ESC-50_non_target/audio_by_category/keyboard_typing/2-99795-A-32.wav,비표적음,esc50_99795,keyboard_typing,ESC-50
비표적음/ESC-50_non_target/audio_by_category/keyboard_typing/2-99796-A-32.wav,비표적음,esc50_99796,keyboard_typing,ESC-50
비표적음/ESC-50_non_target/audio_by_category/insects/2-99955-A-7.wav,비표적음,esc50_99955,insects,ESC-50
비표적음/ESC-50_non_target/audio_by_category/insects/2-99955-B-7.wav,비표적음,esc50_99955,insects,ESC-50
비표적음/ESC-50_non_target/audio_by_category/insects/2-99955-C-7.wav,비표적음,esc50_99955,insects,ESC-50
비표적음/ESC-50_non_target/audio_by_category/toilet_flush/3-100018-A-18.wav,비표적음,esc50_100018,toilet_flush,ESC-50
비표적음/ESC-50_non_target/audio_by_category/brushing_teeth/3-100024-A-27.wav,비표적음,esc50_100024,brushing_teeth,ESC-50
비표적음/ESC-50_non_target/audio_by_category/brushing_teeth/3-100024-B-27.wav,비표적음,esc50_100024,brushing_teeth,ESC-50
비표적음/ESC-50_non_target/audio_by_category/door_wood_creaks/3-101381-A-33.wav,비표적음,esc50_101381,door_wood_creaks,ESC-50
비표적음/ESC-50_non_target/audio_by_category/door_wood_creaks/3-101381-B-33.wav,비표적음,esc50_101381,door_wood_creaks,ESC-50
비표적음/ESC-50_non_target/audio_by_category/hand_saw/3-102583-A-49.wav,비표적음,esc50_102583,hand_saw,ESC-50
비표적음/ESC-50_non_target/audio_by_category/hand_saw/3-102583-B-49.wav,비표적음,esc50_102583,hand_saw,ESC-50
비표적음/ESC-50_non_target/audio_by_category/hand_saw/3-102583-C-49.wav,비표적음,esc50_102583,hand_saw,ESC-50
비표적음/ESC-50_non_target/audio_by_category/frog/3-102908-A-4.wav,비표적음,esc50_102908,frog,ESC-50
비표적음/ESC-50_non_target/audio_by_category/thunderstorm/3-103050-A-19.wav,비표적음,esc50_103050,thunderstorm,ESC-50
비표적음/ESC-50_non_target/audio_by_category/thunderstorm/3-103051-A-19.wav,비표적음,esc50_103051,thunderstorm,ESC-50
비표적음/ESC-50_non_target/audio_by_category/thunderstorm/3-103051-B-19.wav,비표적음,esc50_103051,thunderstorm,ESC-50
비표적음/ESC-50_non_target/audio_by_category/thunderstorm/3-103051-C-19.wav,비표적음,esc50_103051,thunderstorm,ESC-50
비표적음/ESC-50_non_target/audio_by_category/door_wood_creaks/3-103401-A-33.wav,비표적음,esc50_103401,door_wood_creaks,ESC-50
비표적음/ESC-50_non_target/audio_by_category/door_wood_creaks/3-103401-B-33.wav,비표적음,esc50_103401,door_wood_creaks,ESC-50
비표적음/ESC-50_non_target/audio_by_category/door_wood_creaks/3-103401-C-33.wav,비표적음,esc50_103401,door_wood_creaks,ESC-50
비표적음/ESC-50_non_target/audio_by_category/door_wood_creaks/3-103401-D-33.wav,비표적음,esc50_103401,door_wood_creaks,ESC-50
비표적음/ESC-50_non_target/audio_by_category/footsteps/3-103597-A-25.wav,비표적음,esc50_103597,footsteps,ESC-50
비표적음/ESC-50_non_target/audio_by_category/footsteps/3-103598-A-25.wav,비표적음,esc50_103598,footsteps,ESC-50
비표적음/ESC-50_non_target/audio_by_category/footsteps/3-103599-A-25.wav,비표적음,esc50_103599,footsteps,ESC-50
비표적음/ESC-50_non_target/audio_by_category/footsteps/3-103599-B-25.wav,비표적음,esc50_103599,footsteps,ESC-50
비표적음/ESC-50_non_target/audio_by_category/crackling_fire/3-104632-A-12.wav,비표적음,esc50_104632,crackling_fire,ESC-50
비표적음/ESC-50_non_target/audio_by_category/insects/3-104761-A-7.wav,비표적음,esc50_104761,insects,ESC-50
비표적음/ESC-50_non_target/audio_by_category/insects/3-104761-B-7.wav,비표적음,esc50_104761,insects,ESC-50
비표적음/ESC-50_non_target/audio_by_category/crackling_fire/3-104958-A-12.wav,비표적음,esc50_104958,crackling_fire,ESC-50
비표적음/ESC-50_non_target/audio_by_category/insects/3-105235-A-7.wav,비표적음,esc50_105235,insects,ESC-50
비표적음/ESC-50_non_target/audio_by_category/insects/3-105236-A-7.wav,비표적음,esc50_105236,insects,ESC-50
비표적음/ESC-50_non_target/audio_by_category/laughing/3-107123-A-26.wav,비표적음,esc50_107123,laughing,ESC-50
비표적음/ESC-50_non_target/audio_by_category/rooster/3-107219-A-1.wav,비표적음,esc50_107219,rooster,ESC-50
비표적음/ESC-50_non_target/audio_by_category/breathing/3-108160-A-23.wav,비표적음,esc50_108160,breathing,ESC-50
비표적음/ESC-50_non_target/audio_by_category/pouring_water/3-108451-A-17.wav,비표적음,esc50_108451,pouring_water,ESC-50
비표적음/ESC-50_non_target/audio_by_category/pouring_water/3-108451-B-17.wav,비표적음,esc50_108451,pouring_water,ESC-50
비표적음/ESC-50_non_target/audio_by_category/toilet_flush/3-108677-A-18.wav,비표적음,esc50_108677,toilet_flush,ESC-50
비표적음/ESC-50_non_target/audio_by_category/toilet_flush/3-108791-A-18.wav,비표적음,esc50_108791,toilet_flush,ESC-50
비표적음/ESC-50_non_target/audio_by_category/laughing/3-110536-A-26.wav,비표적음,esc50_110536,laughing,ESC-50
비표적음/ESC-50_non_target/audio_by_category/insects/3-110913-A-7.wav,비표적음,esc50_110913,insects,ESC-50
비표적음/ESC-50_non_target/audio_by_category/insects/3-110913-B-7.wav,비표적음,esc50_110913,insects,ESC-50
비표적음/ESC-50_non_target/audio_by_category/insects/3-110913-C-7.wav,비표적음,esc50_110913,insects,ESC-50
비표적음/ESC-50_non_target/audio_by_category/insects/3-110913-D-7.wav,비표적음,esc50_110913,insects,ESC-50
비표적음/ESC-50_non_target/audio_by_category/church_bells/3-111102-A-46.wav,비표적음,esc50_111102,church_bells,ESC-50
비표적음/ESC-50_non_target/audio_by_category/church_bells/3-111102-B-46.wav,비표적음,esc50_111102,church_bells,ESC-50
비표적음/ESC-50_non_target/audio_by_category/toilet_flush/3-112356-A-18.wav,비표적음,esc50_112356,toilet_flush,ESC-50
비표적음/ESC-50_non_target/audio_by_category/crow/3-112397-A-9.wav,비표적음,esc50_112397,crow,ESC-50
비표적음/ESC-50_non_target/audio_by_category/brushing_teeth/3-112522-A-27.wav,비표적음,esc50_112522,brushing_teeth,ESC-50
비표적음/ESC-50_non_target/audio_by_category/breathing/3-112557-A-23.wav,비표적음,esc50_112557,breathing,ESC-50
비표적음/ESC-50_non_target/audio_by_category/breathing/3-112557-B-23.wav,비표적음,esc50_112557,breathing,ESC-50
비표적음/ESC-50_non_target/audio_by_category/engine/3-115382-A-44.wav,비표적음,esc50_115382,engine,ESC-50
비표적음/ESC-50_non_target/audio_by_category/airplane/3-115387-A-47.wav,비표적음,esc50_115387,airplane,ESC-50
비표적음/ESC-50_non_target/audio_by_category/airplane/3-115387-B-47.wav,비표적음,esc50_115387,airplane,ESC-50
비표적음/ESC-50_non_target/audio_by_category/airplane/3-115387-C-47.wav,비표적음,esc50_115387,airplane,ESC-50
비표적음/ESC-50_non_target/audio_by_category/rooster/3-116135-A-1.wav,비표적음,esc50_116135,rooster,ESC-50
비표적음/ESC-50_non_target/audio_by_category/crow/3-117293-A-9.wav,비표적음,esc50_117293,crow,ESC-50
비표적음/ESC-50_non_target/audio_by_category/wind/3-117504-A-16.wav,비표적음,esc50_117504,wind,ESC-50
비표적음/ESC-50_non_target/audio_by_category/wind/3-117504-B-16.wav,비표적음,esc50_117504,wind,ESC-50
비표적음/ESC-50_non_target/audio_by_category/clock_alarm/3-117793-A-37.wav,비표적음,esc50_117793,clock_alarm,ESC-50
비표적음/ESC-50_non_target/audio_by_category/clock_alarm/3-117883-A-37.wav,비표적음,esc50_117883,clock_alarm,ESC-50
비표적음/ESC-50_non_target/audio_by_category/toilet_flush/3-118059-A-18.wav,비표적음,esc50_118059,toilet_flush,ESC-50
비표적음/ESC-50_non_target/audio_by_category/brushing_teeth/3-118069-A-27.wav,비표적음,esc50_118069,brushing_teeth,ESC-50
비표적음/ESC-50_non_target/audio_by_category/brushing_teeth/3-118069-B-27.wav,비표적음,esc50_118069,brushing_teeth,ESC-50
비표적음/ESC-50_non_target/audio_by_category/door_wood_creaks/3-118194-A-33.wav,비표적음,esc50_118194,door_wood_creaks,ESC-50
비표적음/ESC-50_non_target/audio_by_category/laughing/3-118487-A-26.wav,비표적음,esc50_118487,laughing,ESC-50
비표적음/ESC-50_non_target/audio_by_category/chainsaw/3-118656-A-41.wav,비표적음,esc50_118656,chainsaw,ESC-50
비표적음/ESC-50_non_target/audio_by_category/chainsaw/3-118657-A-41.wav,비표적음,esc50_118657,chainsaw,ESC-50
비표적음/ESC-50_non_target/audio_by_category/chainsaw/3-118657-B-41.wav,비표적음,esc50_118657,chainsaw,ESC-50
비표적음/ESC-50_non_target/audio_by_category/chainsaw/3-118658-A-41.wav,비표적음,esc50_118658,chainsaw,ESC-50
비표적음/ESC-50_non_target/audio_by_category/chainsaw/3-118658-B-41.wav,비표적음,esc50_118658,chainsaw,ESC-50
비표적음/ESC-50_non_target/audio_by_category/chainsaw/3-118972-A-41.wav,비표적음,esc50_118972,chainsaw,ESC-50
비표적음/ESC-50_non_target/audio_by_category/chainsaw/3-118972-B-41.wav,비표적음,esc50_118972,chainsaw,ESC-50
비표적음/ESC-50_non_target/audio_by_category/fireworks/3-119120-A-48.wav,비표적음,esc50_119120,fireworks,ESC-50
비표적음/ESC-50_non_target/audio_by_category/fireworks/3-119120-B-48.wav,비표적음,esc50_119120,fireworks,ESC-50
비표적음/ESC-50_non_target/audio_by_category/fireworks/3-119120-C-48.wav,비표적음,esc50_119120,fireworks,ESC-50
비표적음/ESC-50_non_target/audio_by_category/fireworks/3-119120-D-48.wav,비표적음,esc50_119120,fireworks,ESC-50
비표적음/ESC-50_non_target/audio_by_category/fireworks/3-119120-E-48.wav,비표적음,esc50_119120,fireworks,ESC-50
비표적음/ESC-50_non_target/audio_by_category/engine/3-119455-A-44.wav,비표적음,esc50_119455,engine,ESC-50
비표적음/ESC-50_non_target/audio_by_category/laughing/3-119459-A-26.wav,비표적음,esc50_119459,laughing,ESC-50
비표적음/ESC-50_non_target/audio_by_category/clock_alarm/3-120526-A-37.wav,비표적음,esc50_120526,clock_alarm,ESC-50
비표적음/ESC-50_non_target/audio_by_category/clock_alarm/3-120526-B-37.wav,비표적음,esc50_120526,clock_alarm,ESC-50
비표적음/ESC-50_non_target/audio_by_category/crackling_fire/3-120644-A-12.wav,비표적음,esc50_120644,crackling_fire,ESC-50
비표적음/ESC-50_non_target/audio_by_category/crow/3-121348-A-9.wav,비표적음,esc50_121348,crow,ESC-50
비표적음/ESC-50_non_target/audio_by_category/church_bells/3-122110-A-46.wav,비표적음,esc50_122110,church_bells,ESC-50
비표적음/ESC-50_non_target/audio_by_category/snoring/3-123086-A-28.wav,비표적음,esc50_123086,snoring,ESC-50
비표적음/ESC-50_non_target/audio_by_category/thunderstorm/3-123224-A-19.wav,비표적음,esc50_123224,thunderstorm,ESC-50
비표적음/ESC-50_non_target/audio_by_category/cow/3-124376-A-3.wav,비표적음,esc50_124376,cow,ESC-50
비표적음/ESC-50_non_target/audio_by_category/cow/3-124376-B-3.wav,비표적음,esc50_124376,cow,ESC-50
비표적음/ESC-50_non_target/audio_by_category/thunderstorm/3-124600-A-19.wav,비표적음,esc50_124600,thunderstorm,ESC-50
비표적음/ESC-50_non_target/audio_by_category/snoring/3-124795-A-28.wav,비표적음,esc50_124795,snoring,ESC-50
비표적음/ESC-50_non_target/audio_by_category/crow/3-124925-A-9.wav,비표적음,esc50_124925,crow,ESC-50
비표적음/ESC-50_non_target/audio_by_category/snoring/3-124958-A-28.wav,비표적음,esc50_124958,snoring,ESC-50
비표적음/ESC-50_non_target/audio_by_category/coughing/3-125418-A-24.wav,비표적음,esc50_125418,coughing,ESC-50
비표적음/ESC-50_non_target/audio_by_category/keyboard_typing/3-125548-A-32.wav,비표적음,esc50_125548,keyboard_typing,ESC-50
비표적음/ESC-50_non_target/audio_by_category/laughing/3-126113-A-26.wav,비표적음,esc50_126113,laughing,ESC-50
비표적음/ESC-50_non_target/audio_by_category/cow/3-126358-A-3.wav,비표적음,esc50_126358,cow,ESC-50
비표적음/ESC-50_non_target/audio_by_category/cow/3-126358-B-3.wav,비표적음,esc50_126358,cow,ESC-50
비표적음/ESC-50_non_target/audio_by_category/brushing_teeth/3-126391-A-27.wav,비표적음,esc50_126391,brushing_teeth,ESC-50
비표적음/ESC-50_non_target/audio_by_category/brushing_teeth/3-126391-B-27.wav,비표적음,esc50_126391,brushing_teeth,ESC-50
비표적음/ESC-50_non_target/audio_by_category/pouring_water/3-127874-A-17.wav,비표적음,esc50_127874,pouring_water,ESC-50
비표적음/ESC-50_non_target/audio_by_category/crow/3-127890-A-9.wav,비표적음,esc50_127890,crow,ESC-50
비표적음/ESC-50_non_target/audio_by_category/crow/3-127890-B-9.wav,비표적음,esc50_127890,crow,ESC-50
비표적음/ESC-50_non_target/audio_by_category/crow/3-127890-C-9.wav,비표적음,esc50_127890,crow,ESC-50
비표적음/ESC-50_non_target/audio_by_category/engine/3-128160-A-44.wav,비표적음,esc50_128160,engine,ESC-50
비표적음/ESC-50_non_target/audio_by_category/airplane/3-128512-A-47.wav,비표적음,esc50_128512,airplane,ESC-50
비표적음/ESC-50_non_target/audio_by_category/airplane/3-128512-B-47.wav,비표적음,esc50_128512,airplane,ESC-50
비표적음/ESC-50_non_target/audio_by_category/crow/3-129264-A-9.wav,비표적음,esc50_129264,crow,ESC-50
비표적음/ESC-50_non_target/audio_by_category/crickets/3-129338-A-13.wav,비표적음,esc50_129338,crickets,ESC-50
비표적음/ESC-50_non_target/audio_by_category/crickets/3-129678-A-13.wav,비표적음,esc50_129678,crickets,ESC-50
비표적음/ESC-50_non_target/audio_by_category/clapping/3-130330-A-22.wav,비표적음,esc50_130330,clapping,ESC-50
비표적음/ESC-50_non_target/audio_by_category/snoring/3-130998-A-28.wav,비표적음,esc50_130998,snoring,ESC-50
비표적음/ESC-50_non_target/audio_by_category/snoring/3-130998-B-28.wav,비표적음,esc50_130998,snoring,ESC-50
비표적음/ESC-50_non_target/audio_by_category/clock_alarm/3-131943-A-37.wav,비표적음,esc50_131943,clock_alarm,ESC-50
비표적음/ESC-50_non_target/audio_by_category/clock_alarm/3-132340-A-37.wav,비표적음,esc50_132340,clock_alarm,ESC-50
비표적음/ESC-50_non_target/audio_by_category/coughing/3-132601-A-24.wav,비표적음,esc50_132601,coughing,ESC-50
비표적음/ESC-50_non_target/audio_by_category/laughing/3-132747-A-26.wav,비표적음,esc50_132747,laughing,ESC-50
비표적음/ESC-50_non_target/audio_by_category/keyboard_typing/3-132830-A-32.wav,비표적음,esc50_132830,keyboard_typing,ESC-50
비표적음/ESC-50_non_target/audio_by_category/rain/3-132852-A-10.wav,비표적음,esc50_132852,rain,ESC-50
비표적음/ESC-50_non_target/audio_by_category/drinking_sipping/3-133977-A-29.wav,비표적음,esc50_133977,drinking_sipping,ESC-50
비표적음/ESC-50_non_target/audio_by_category/rooster/3-134049-A-1.wav,비표적음,esc50_134049,rooster,ESC-50
비표적음/ESC-50_non_target/audio_by_category/wind/3-134699-A-16.wav,비표적음,esc50_134699,wind,ESC-50
비표적음/ESC-50_non_target/audio_by_category/wind/3-134699-B-16.wav,비표적음,esc50_134699,wind,ESC-50
비표적음/ESC-50_non_target/audio_by_category/wind/3-134699-C-16.wav,비표적음,esc50_134699,wind,ESC-50
비표적음/ESC-50_non_target/audio_by_category/crickets/3-134802-A-13.wav,비표적음,esc50_134802,crickets,ESC-50
비표적음/ESC-50_non_target/audio_by_category/washing_machine/3-135469-A-35.wav,비표적음,esc50_135469,washing_machine,ESC-50
비표적음/ESC-50_non_target/audio_by_category/train/3-135650-A-45.wav,비표적음,esc50_135650,train,ESC-50
비표적음/ESC-50_non_target/audio_by_category/train/3-135650-B-45.wav,비표적음,esc50_135650,train,ESC-50
비표적음/ESC-50_non_target/audio_by_category/dog/3-136288-A-0.wav,비표적음,esc50_136288,dog,ESC-50
비표적음/ESC-50_non_target/audio_by_category/train/3-136451-A-45.wav,비표적음,esc50_136451,train,ESC-50
비표적음/ESC-50_non_target/audio_by_category/wind/3-136608-A-16.wav,비표적음,esc50_136608,wind,ESC-50
비표적음/ESC-50_non_target/audio_by_category/rooster/3-137152-A-1.wav,비표적음,esc50_137152,rooster,ESC-50
비표적음/ESC-50_non_target/audio_by_category/clapping/3-138114-A-22.wav,비표적음,esc50_138114,clapping,ESC-50
비표적음/ESC-50_non_target/audio_by_category/train/3-138212-A-45.wav,비표적음,esc50_138212,train,ESC-50
비표적음/ESC-50_non_target/audio_by_category/church_bells/3-139109-A-46.wav,비표적음,esc50_139109,church_bells,ESC-50
비표적음/ESC-50_non_target/audio_by_category/brushing_teeth/3-139331-A-27.wav,비표적음,esc50_139331,brushing_teeth,ESC-50
비표적음/ESC-50_non_target/audio_by_category/clock_alarm/3-139958-A-37.wav,비표적음,esc50_139958,clock_alarm,ESC-50
비표적음/ESC-50_non_target/audio_by_category/sheep/3-140199-A-8.wav,비표적음,esc50_140199,sheep,ESC-50
비표적음/ESC-50_non_target/audio_by_category/sheep/3-140199-B-8.wav,비표적음,esc50_140199,sheep,ESC-50
비표적음/ESC-50_non_target/audio_by_category/sheep/3-140199-C-8.wav,비표적음,esc50_140199,sheep,ESC-50
비표적음/ESC-50_non_target/audio_by_category/sheep/3-140199-D-8.wav,비표적음,esc50_140199,sheep,ESC-50
비표적음/ESC-50_non_target/audio_by_category/drinking_sipping/3-140323-A-29.wav,비표적음,esc50_140323,drinking_sipping,ESC-50
비표적음/ESC-50_non_target/audio_by_category/rain/3-140774-A-10.wav,비표적음,esc50_140774,rain,ESC-50
비표적음/ESC-50_non_target/audio_by_category/engine/3-141240-A-44.wav,비표적음,esc50_141240,engine,ESC-50
비표적음/ESC-50_non_target/audio_by_category/engine/3-141240-B-44.wav,비표적음,esc50_141240,engine,ESC-50
비표적음/ESC-50_non_target/audio_by_category/train/3-141559-A-45.wav,비표적음,esc50_141559,train,ESC-50
비표적음/ESC-50_non_target/audio_by_category/sneezing/3-141684-A-21.wav,비표적음,esc50_141684,sneezing,ESC-50
비표적음/ESC-50_non_target/audio_by_category/rain/3-142005-A-10.wav,비표적음,esc50_142005,rain,ESC-50
비표적음/ESC-50_non_target/audio_by_category/rain/3-142006-A-10.wav,비표적음,esc50_142006,rain,ESC-50
비표적음/ESC-50_non_target/audio_by_category/pouring_water/3-142349-A-17.wav,비표적음,esc50_142349,pouring_water,ESC-50
비표적음/ESC-50_non_target/audio_by_category/clock_tick/3-142593-A-38.wav,비표적음,esc50_142593,clock_tick,ESC-50
비표적음/ESC-50_non_target/audio_by_category/sneezing/3-142601-A-21.wav,비표적음,esc50_142601,sneezing,ESC-50
비표적음/ESC-50_non_target/audio_by_category/coughing/3-142604-A-24.wav,비표적음,esc50_142604,coughing,ESC-50
비표적음/ESC-50_non_target/audio_by_category/sneezing/3-142605-A-21.wav,비표적음,esc50_142605,sneezing,ESC-50
비표적음/ESC-50_non_target/audio_by_category/sneezing/3-143119-A-21.wav,비표적음,esc50_143119,sneezing,ESC-50
비표적음/ESC-50_non_target/audio_by_category/airplane/3-143560-A-47.wav,비표적음,esc50_143560,airplane,ESC-50
비표적음/ESC-50_non_target/audio_by_category/airplane/3-143562-A-47.wav,비표적음,esc50_143562,airplane,ESC-50
비표적음/ESC-50_non_target/audio_by_category/rain/3-143929-A-10.wav,비표적음,esc50_143929,rain,ESC-50
비표적음/ESC-50_non_target/audio_by_category/clock_tick/3-143933-A-38.wav,비표적음,esc50_143933,clock_tick,ESC-50
비표적음/ESC-50_non_target/audio_by_category/dog/3-144028-A-0.wav,비표적음,esc50_144028,dog,ESC-50
비표적음/ESC-50_non_target/audio_by_category/keyboard_typing/3-144106-A-32.wav,비표적음,esc50_144106,keyboard_typing,ESC-50
비표적음/ESC-50_non_target/audio_by_category/keyboard_typing/3-144120-A-32.wav,비표적음,esc50_144120,keyboard_typing,ESC-50
비표적음/ESC-50_non_target/audio_by_category/breathing/3-144128-A-23.wav,비표적음,esc50_144128,breathing,ESC-50
비표적음/ESC-50_non_target/audio_by_category/breathing/3-144128-B-23.wav,비표적음,esc50_144128,breathing,ESC-50
비표적음/ESC-50_non_target/audio_by_category/drinking_sipping/3-144253-A-29.wav,비표적음,esc50_144253,drinking_sipping,ESC-50
비표적음/ESC-50_non_target/audio_by_category/drinking_sipping/3-144259-A-29.wav,비표적음,esc50_144259,drinking_sipping,ESC-50
비표적음/ESC-50_non_target/audio_by_category/sneezing/3-144692-A-21.wav,비표적음,esc50_144692,sneezing,ESC-50
비표적음/ESC-50_non_target/audio_by_category/sea_waves/3-144827-A-11.wav,비표적음,esc50_144827,sea_waves,ESC-50
비표적음/ESC-50_non_target/audio_by_category/sea_waves/3-144827-B-11.wav,비표적음,esc50_144827,sea_waves,ESC-50
비표적음/ESC-50_non_target/audio_by_category/thunderstorm/3-144891-A-19.wav,비표적음,esc50_144891,thunderstorm,ESC-50
비표적음/ESC-50_non_target/audio_by_category/thunderstorm/3-144891-B-19.wav,비표적음,esc50_144891,thunderstorm,ESC-50
비표적음/ESC-50_non_target/audio_by_category/rooster/3-145382-A-1.wav,비표적음,esc50_145382,rooster,ESC-50
비표적음/ESC-50_non_target/audio_by_category/drinking_sipping/3-145387-A-29.wav,비표적음,esc50_145387,drinking_sipping,ESC-50
비표적음/ESC-50_non_target/audio_by_category/coughing/3-145487-A-24.wav,비표적음,esc50_145487,coughing,ESC-50
비표적음/ESC-50_non_target/audio_by_category/car_horn/3-145577-A-43.wav,비표적음,esc50_145577,car_horn,ESC-50
비표적음/ESC-50_non_target/audio_by_category/pouring_water/3-145719-A-17.wav,비표적음,esc50_145719,pouring_water,ESC-50
비표적음/ESC-50_non_target/audio_by_category/crackling_fire/3-145774-A-12.wav,비표적음,esc50_145774,crackling_fire,ESC-50
비표적음/ESC-50_non_target/audio_by_category/crickets/3-146033-A-13.wav,비표적음,esc50_146033,crickets,ESC-50
비표적음/ESC-50_non_target/audio_by_category/engine/3-146186-A-44.wav,비표적음,esc50_146186,engine,ESC-50
비표적음/ESC-50_non_target/audio_by_category/car_horn/3-146697-A-43.wav,비표적음,esc50_146697,car_horn,ESC-50
비표적음/ESC-50_non_target/audio_by_category/coughing/3-146873-A-24.wav,비표적음,esc50_146873,coughing,ESC-50
비표적음/ESC-50_non_target/audio_by_category/cat/3-146964-A-5.wav,비표적음,esc50_146964,cat,ESC-50
비표적음/ESC-50_non_target/audio_by_category/cat/3-146965-A-5.wav,비표적음,esc50_146965,cat,ESC-50
비표적음/ESC-50_non_target/audio_by_category/cat/3-146972-A-5.wav,비표적음,esc50_146972,cat,ESC-50
비표적음/ESC-50_non_target/audio_by_category/can_opening/3-147342-A-34.wav,비표적음,esc50_147342,can_opening,ESC-50
비표적음/ESC-50_non_target/audio_by_category/can_opening/3-147343-A-34.wav,비표적음,esc50_147343,can_opening,ESC-50
비표적음/ESC-50_non_target/audio_by_category/crackling_fire/3-147965-A-12.wav,비표적음,esc50_147965,crackling_fire,ESC-50
비표적음/ESC-50_non_target/audio_by_category/clock_alarm/3-148297-A-37.wav,비표적음,esc50_148297,clock_alarm,ESC-50
비표적음/ESC-50_non_target/audio_by_category/sneezing/3-148330-A-21.wav,비표적음,esc50_148330,sneezing,ESC-50
비표적음/ESC-50_non_target/audio_by_category/can_opening/3-148932-A-34.wav,비표적음,esc50_148932,can_opening,ESC-50
비표적음/ESC-50_non_target/audio_by_category/coughing/3-149042-A-24.wav,비표적음,esc50_149042,coughing,ESC-50
비표적음/ESC-50_non_target/audio_by_category/rooster/3-149189-A-1.wav,비표적음,esc50_149189,rooster,ESC-50
비표적음/ESC-50_non_target/audio_by_category/pouring_water/3-149448-A-17.wav,비표적음,esc50_149448,pouring_water,ESC-50
비표적음/ESC-50_non_target/audio_by_category/clapping/3-149465-A-22.wav,비표적음,esc50_149465,clapping,ESC-50
비표적음/ESC-50_non_target/audio_by_category/sneezing/3-150231-A-21.wav,비표적음,esc50_150231,sneezing,ESC-50
비표적음/ESC-50_non_target/audio_by_category/clock_tick/3-150363-A-38.wav,비표적음,esc50_150363,clock_tick,ESC-50
비표적음/ESC-50_non_target/audio_by_category/helicopter/3-150979-A-40.wav,비표적음,esc50_150979,helicopter,ESC-50
비표적음/ESC-50_non_target/audio_by_category/helicopter/3-150979-B-40.wav,비표적음,esc50_150979,helicopter,ESC-50
비표적음/ESC-50_non_target/audio_by_category/helicopter/3-150979-C-40.wav,비표적음,esc50_150979,helicopter,ESC-50
비표적음/ESC-50_non_target/audio_by_category/breathing/3-151206-A-23.wav,비표적음,esc50_151206,breathing,ESC-50
비표적음/ESC-50_non_target/audio_by_category/coughing/3-151212-A-24.wav,비표적음,esc50_151212,coughing,ESC-50
비표적음/ESC-50_non_target/audio_by_category/coughing/3-151213-A-24.wav,비표적음,esc50_151213,coughing,ESC-50
비표적음/ESC-50_non_target/audio_by_category/snoring/3-151255-A-28.wav,비표적음,esc50_151255,snoring,ESC-50
비표적음/ESC-50_non_target/audio_by_category/washing_machine/3-151269-A-35.wav,비표적음,esc50_151269,washing_machine,ESC-50
비표적음/ESC-50_non_target/audio_by_category/washing_machine/3-151273-A-35.wav,비표적음,esc50_151273,washing_machine,ESC-50
비표적음/ESC-50_non_target/audio_by_category/snoring/3-151557-A-28.wav,비표적음,esc50_151557,snoring,ESC-50
비표적음/ESC-50_non_target/audio_by_category/snoring/3-151557-B-28.wav,비표적음,esc50_151557,snoring,ESC-50
비표적음/ESC-50_non_target/audio_by_category/vacuum_cleaner/3-152020-A-36.wav,비표적음,esc50_152020,vacuum_cleaner,ESC-50
비표적음/ESC-50_non_target/audio_by_category/vacuum_cleaner/3-152020-B-36.wav,비표적음,esc50_152020,vacuum_cleaner,ESC-50
비표적음/ESC-50_non_target/audio_by_category/vacuum_cleaner/3-152020-C-36.wav,비표적음,esc50_152020,vacuum_cleaner,ESC-50
비표적음/ESC-50_non_target/audio_by_category/cow/3-152039-A-3.wav,비표적음,esc50_152039,cow,ESC-50
비표적음/ESC-50_non_target/audio_by_category/cow/3-152039-B-3.wav,비표적음,esc50_152039,cow,ESC-50
비표적음/ESC-50_non_target/audio_by_category/laughing/3-152912-A-26.wav,비표적음,esc50_152912,laughing,ESC-50
비표적음/ESC-50_non_target/audio_by_category/laughing/3-152997-A-26.wav,비표적음,esc50_152997,laughing,ESC-50
비표적음/ESC-50_non_target/audio_by_category/car_horn/3-153057-A-43.wav,비표적음,esc50_153057,car_horn,ESC-50
비표적음/ESC-50_non_target/audio_by_category/keyboard_typing/3-153444-A-32.wav,비표적음,esc50_153444,keyboard_typing,ESC-50
비표적음/ESC-50_non_target/audio_by_category/pouring_water/3-154439-A-17.wav,비표적음,esc50_154439,pouring_water,ESC-50
비표적음/ESC-50_non_target/audio_by_category/engine/3-154758-A-44.wav,비표적음,esc50_154758,engine,ESC-50
비표적음/ESC-50_non_target/audio_by_category/keyboard_typing/3-154781-A-32.wav,비표적음,esc50_154781,keyboard_typing,ESC-50
비표적음/ESC-50_non_target/audio_by_category/helicopter/3-154926-A-40.wav,비표적음,esc50_154926,helicopter,ESC-50
비표적음/ESC-50_non_target/audio_by_category/helicopter/3-154926-B-40.wav,비표적음,esc50_154926,helicopter,ESC-50
비표적음/ESC-50_non_target/audio_by_category/rooster/3-154957-A-1.wav,비표적음,esc50_154957,rooster,ESC-50
비표적음/ESC-50_non_target/audio_by_category/car_horn/3-155130-A-43.wav,비표적음,esc50_155130,car_horn,ESC-50
비표적음/ESC-50_non_target/audio_by_category/car_horn/3-155234-A-43.wav,비표적음,esc50_155234,car_horn,ESC-50
비표적음/ESC-50_non_target/audio_by_category/dog/3-155312-A-0.wav,비표적음,esc50_155312,dog,ESC-50
비표적음/ESC-50_non_target/audio_by_category/mouse_click/3-155556-A-31.wav,비표적음,esc50_155556,mouse_click,ESC-50
비표적음/ESC-50_non_target/audio_by_category/keyboard_typing/3-155568-A-32.wav,비표적음,esc50_155568,keyboard_typing,ESC-50
비표적음/ESC-50_non_target/audio_by_category/keyboard_typing/3-155570-A-32.wav,비표적음,esc50_155570,keyboard_typing,ESC-50
비표적음/ESC-50_non_target/audio_by_category/chirping_birds/3-155577-A-14.wav,비표적음,esc50_155577,chirping_birds,ESC-50
비표적음/ESC-50_non_target/audio_by_category/chirping_birds/3-155578-A-14.wav,비표적음,esc50_155578,chirping_birds,ESC-50
비표적음/ESC-50_non_target/audio_by_category/chirping_birds/3-155579-A-14.wav,비표적음,esc50_155579,chirping_birds,ESC-50
비표적음/ESC-50_non_target/audio_by_category/chirping_birds/3-155583-A-14.wav,비표적음,esc50_155583,chirping_birds,ESC-50
비표적음/ESC-50_non_target/audio_by_category/chirping_birds/3-155584-A-14.wav,비표적음,esc50_155584,chirping_birds,ESC-50
비표적음/ESC-50_non_target/audio_by_category/sea_waves/3-155642-A-11.wav,비표적음,esc50_155642,sea_waves,ESC-50
비표적음/ESC-50_non_target/audio_by_category/sea_waves/3-155642-B-11.wav,비표적음,esc50_155642,sea_waves,ESC-50
비표적음/ESC-50_non_target/audio_by_category/can_opening/3-155659-A-34.wav,비표적음,esc50_155659,can_opening,ESC-50
비표적음/ESC-50_non_target/audio_by_category/crickets/3-155766-A-13.wav,비표적음,esc50_155766,crickets,ESC-50
비표적음/ESC-50_non_target/audio_by_category/washing_machine/3-156391-A-35.wav,비표적음,esc50_156391,washing_machine,ESC-50
비표적음/ESC-50_non_target/audio_by_category/washing_machine/3-156393-A-35.wav,비표적음,esc50_156393,washing_machine,ESC-50
비표적음/ESC-50_non_target/audio_by_category/sneezing/3-156558-A-21.wav,비표적음,esc50_156558,sneezing,ESC-50
비표적음/ESC-50_non_target/audio_by_category/chirping_birds/3-156581-A-14.wav,비표적음,esc50_156581,chirping_birds,ESC-50
비표적음/ESC-50_non_target/audio_by_category/chirping_birds/3-156581-B-14.wav,비표적음,esc50_156581,chirping_birds,ESC-50
비표적음/ESC-50_non_target/audio_by_category/water_drops/3-156907-A-15.wav,비표적음,esc50_156907,water_drops,ESC-50
비표적음/ESC-50_non_target/audio_by_category/rain/3-157149-A-10.wav,비표적음,esc50_157149,rain,ESC-50
비표적음/ESC-50_non_target/audio_by_category/crackling_fire/3-157187-A-12.wav,비표적음,esc50_157187,crackling_fire,ESC-50
비표적음/ESC-50_non_target/audio_by_category/rain/3-157487-A-10.wav,비표적음,esc50_157487,rain,ESC-50
비표적음/ESC-50_non_target/audio_by_category/train/3-157492-A-45.wav,비표적음,esc50_157492,train,ESC-50
비표적음/ESC-50_non_target/audio_by_category/rain/3-157615-A-10.wav,비표적음,esc50_157615,rain,ESC-50
비표적음/ESC-50_non_target/audio_by_category/dog/3-157695-A-0.wav,비표적음,esc50_157695,dog,ESC-50
비표적음/ESC-50_non_target/audio_by_category/mouse_click/3-158056-A-31.wav,비표적음,esc50_158056,mouse_click,ESC-50
비표적음/ESC-50_non_target/audio_by_category/mouse_click/3-158056-B-31.wav,비표적음,esc50_158056,mouse_click,ESC-50
비표적음/ESC-50_non_target/audio_by_category/crackling_fire/3-158476-A-12.wav,비표적음,esc50_158476,crackling_fire,ESC-50
비표적음/ESC-50_non_target/audio_by_category/vacuum_cleaner/3-159346-A-36.wav,비표적음,esc50_159346,vacuum_cleaner,ESC-50
비표적음/ESC-50_non_target/audio_by_category/vacuum_cleaner/3-159346-B-36.wav,비표적음,esc50_159346,vacuum_cleaner,ESC-50
비표적음/ESC-50_non_target/audio_by_category/vacuum_cleaner/3-159347-A-36.wav,비표적음,esc50_159347,vacuum_cleaner,ESC-50
비표적음/ESC-50_non_target/audio_by_category/vacuum_cleaner/3-159347-B-36.wav,비표적음,esc50_159347,vacuum_cleaner,ESC-50
비표적음/ESC-50_non_target/audio_by_category/vacuum_cleaner/3-159348-A-36.wav,비표적음,esc50_159348,vacuum_cleaner,ESC-50
비표적음/ESC-50_non_target/audio_by_category/train/3-159445-A-45.wav,비표적음,esc50_159445,train,ESC-50
비표적음/ESC-50_non_target/audio_by_category/train/3-159445-B-45.wav,비표적음,esc50_159445,train,ESC-50
비표적음/ESC-50_non_target/audio_by_category/water_drops/3-160119-A-15.wav,비표적음,esc50_160119,water_drops,ESC-50
비표적음/ESC-50_non_target/audio_by_category/cow/3-160993-A-3.wav,비표적음,esc50_160993,cow,ESC-50
비표적음/ESC-50_non_target/audio_by_category/car_horn/3-161010-A-43.wav,비표적음,esc50_161010,car_horn,ESC-50
비표적음/ESC-50_non_target/audio_by_category/pouring_water/3-161500-A-17.wav,비표적음,esc50_161500,pouring_water,ESC-50
비표적음/ESC-50_non_target/audio_by_category/crickets/3-162786-A-13.wav,비표적음,esc50_162786,crickets,ESC-50
비표적음/ESC-50_non_target/audio_by_category/rooster/3-163288-A-1.wav,비표적음,esc50_163288,rooster,ESC-50
비표적음/ESC-50_non_target/audio_by_category/dog/3-163459-A-0.wav,비표적음,esc50_163459,dog,ESC-50
비표적음/ESC-50_non_target/audio_by_category/crickets/3-163607-A-13.wav,비표적음,esc50_163607,crickets,ESC-50
비표적음/ESC-50_non_target/audio_by_category/crickets/3-163607-B-13.wav,비표적음,esc50_163607,crickets,ESC-50
비표적음/ESC-50_non_target/audio_by_category/cow/3-163727-A-3.wav,비표적음,esc50_163727,cow,ESC-50
비표적음/ESC-50_non_target/audio_by_category/sea_waves/3-164120-A-11.wav,비표적음,esc50_164120,sea_waves,ESC-50
비표적음/ESC-50_non_target/audio_by_category/hen/3-164216-A-6.wav,비표적음,esc50_164216,hen,ESC-50
비표적음/ESC-50_non_target/audio_by_category/hen/3-164216-B-6.wav,비표적음,esc50_164216,hen,ESC-50
비표적음/ESC-50_non_target/audio_by_category/hen/3-164216-C-6.wav,비표적음,esc50_164216,hen,ESC-50
비표적음/ESC-50_non_target/audio_by_category/water_drops/3-164592-A-15.wav,비표적음,esc50_164592,water_drops,ESC-50
비표적음/ESC-50_non_target/audio_by_category/water_drops/3-164593-A-15.wav,비표적음,esc50_164593,water_drops,ESC-50
비표적음/ESC-50_non_target/audio_by_category/water_drops/3-164594-A-15.wav,비표적음,esc50_164594,water_drops,ESC-50
비표적음/ESC-50_non_target/audio_by_category/water_drops/3-164595-A-15.wav,비표적음,esc50_164595,water_drops,ESC-50
비표적음/ESC-50_non_target/audio_by_category/sea_waves/3-164630-A-11.wav,비표적음,esc50_164630,sea_waves,ESC-50
비표적음/ESC-50_non_target/audio_by_category/clock_tick/3-164688-A-38.wav,비표적음,esc50_164688,clock_tick,ESC-50
비표적음/ESC-50_non_target/audio_by_category/chainsaw/3-165856-A-41.wav,비표적음,esc50_165856,chainsaw,ESC-50
비표적음/ESC-50_non_target/audio_by_category/breathing/3-166125-A-23.wav,비표적음,esc50_166125,breathing,ESC-50
비표적음/ESC-50_non_target/audio_by_category/breathing/3-166125-B-23.wav,비표적음,esc50_166125,breathing,ESC-50
비표적음/ESC-50_non_target/audio_by_category/water_drops/3-166324-A-15.wav,비표적음,esc50_166324,water_drops,ESC-50
비표적음/ESC-50_non_target/audio_by_category/water_drops/3-166326-A-15.wav,비표적음,esc50_166326,water_drops,ESC-50
비표적음/ESC-50_non_target/audio_by_category/sea_waves/3-166422-A-11.wav,비표적음,esc50_166422,sea_waves,ESC-50
비표적음/ESC-50_non_target/audio_by_category/can_opening/3-166546-A-34.wav,비표적음,esc50_166546,can_opening,ESC-50
비표적음/ESC-50_non_target/audio_by_category/can_opening/3-166546-B-34.wav,비표적음,esc50_166546,can_opening,ESC-50
비표적음/ESC-50_non_target/audio_by_category/mouse_click/3-167096-A-31.wav,비표적음,esc50_167096,mouse_click,ESC-50
비표적음/ESC-50_non_target/audio_by_category/drinking_sipping/3-169907-A-29.wav,비표적음,esc50_169907,drinking_sipping,ESC-50
비표적음/ESC-50_non_target/audio_by_category/can_opening/3-170002-A-34.wav,비표적음,esc50_170002,can_opening,ESC-50
비표적음/ESC-50_non_target/audio_by_category/dog/3-170015-A-0.wav,비표적음,esc50_170015,dog,ESC-50
비표적음/ESC-50_non_target/audio_by_category/mouse_click/3-170312-A-31.wav,비표적음,esc50_170312,mouse_click,ESC-50
비표적음/ESC-50_non_target/audio_by_category/clock_tick/3-170377-A-38.wav,비표적음,esc50_170377,clock_tick,ESC-50
비표적음/ESC-50_non_target/audio_by_category/clock_tick/3-170383-A-38.wav,비표적음,esc50_170383,clock_tick,ESC-50
비표적음/ESC-50_non_target/audio_by_category/mouse_click/3-170851-A-31.wav,비표적음,esc50_170851,mouse_click,ESC-50
비표적음/ESC-50_non_target/audio_by_category/clock_tick/3-171012-A-38.wav,비표적음,esc50_171012,clock_tick,ESC-50
비표적음/ESC-50_non_target/audio_by_category/clock_tick/3-171041-A-38.wav,비표적음,esc50_171041,clock_tick,ESC-50
비표적음/ESC-50_non_target/audio_by_category/hen/3-171281-A-6.wav,비표적음,esc50_171281,hen,ESC-50
비표적음/ESC-50_non_target/audio_by_category/can_opening/3-171937-A-34.wav,비표적음,esc50_171937,can_opening,ESC-50
비표적음/ESC-50_non_target/audio_by_category/mouse_click/3-172179-A-31.wav,비표적음,esc50_172179,mouse_click,ESC-50
비표적음/ESC-50_non_target/audio_by_category/fireworks/3-172881-A-48.wav,비표적음,esc50_172881,fireworks,ESC-50
비표적음/ESC-50_non_target/audio_by_category/fireworks/3-172922-A-48.wav,비표적음,esc50_172922,fireworks,ESC-50
비표적음/ESC-50_non_target/audio_by_category/car_horn/3-174840-A-43.wav,비표적음,esc50_174840,car_horn,ESC-50
비표적음/ESC-50_non_target/audio_by_category/drinking_sipping/3-174866-A-29.wav,비표적음,esc50_174866,drinking_sipping,ESC-50
비표적음/ESC-50_non_target/audio_by_category/clapping/3-177082-A-22.wav,비표적음,esc50_177082,clapping,ESC-50
비표적음/ESC-50_non_target/audio_by_category/clapping/3-177083-A-22.wav,비표적음,esc50_177083,clapping,ESC-50
비표적음/ESC-50_non_target/audio_by_category/hen/3-178096-A-6.wav,비표적음,esc50_178096,hen,ESC-50
비표적음/ESC-50_non_target/audio_by_category/dog/3-180256-A-0.wav,비표적음,esc50_180256,dog,ESC-50
비표적음/ESC-50_non_target/audio_by_category/dog/3-180977-A-0.wav,비표적음,esc50_180977,dog,ESC-50
비표적음/ESC-50_non_target/audio_by_category/chirping_birds/3-181132-A-14.wav,비표적음,esc50_181132,chirping_birds,ESC-50
비표적음/ESC-50_non_target/audio_by_category/clapping/3-181278-A-22.wav,비표적음,esc50_181278,clapping,ESC-50
비표적음/ESC-50_non_target/audio_by_category/washing_machine/3-182710-A-35.wav,비표적음,esc50_182710,washing_machine,ESC-50
비표적음/ESC-50_non_target/audio_by_category/washing_machine/3-182710-B-35.wav,비표적음,esc50_182710,washing_machine,ESC-50
비표적음/ESC-50_non_target/audio_by_category/mouse_click/3-185313-A-31.wav,비표적음,esc50_185313,mouse_click,ESC-50
비표적음/ESC-50_non_target/audio_by_category/drinking_sipping/3-185456-A-29.wav,비표적음,esc50_185456,drinking_sipping,ESC-50
비표적음/ESC-50_non_target/audio_by_category/hen/3-187549-A-6.wav,비표적음,esc50_187549,hen,ESC-50
비표적음/ESC-50_non_target/audio_by_category/hen/3-187549-B-6.wav,비표적음,esc50_187549,hen,ESC-50
비표적음/ESC-50_non_target/audio_by_category/sea_waves/3-187710-A-11.wav,비표적음,esc50_187710,sea_waves,ESC-50
비표적음/ESC-50_non_target/audio_by_category/hen/3-188390-A-6.wav,비표적음,esc50_188390,hen,ESC-50
비표적음/ESC-50_non_target/audio_by_category/washing_machine/3-188726-A-35.wav,비표적음,esc50_188726,washing_machine,ESC-50
비표적음/ESC-50_non_target/audio_by_category/airplane/3-193767-A-47.wav,비표적음,esc50_193767,airplane,ESC-50
비표적음/ESC-50_non_target/audio_by_category/sheep/3-197408-A-8.wav,비표적음,esc50_197408,sheep,ESC-50
비표적음/ESC-50_non_target/audio_by_category/sheep/3-197408-B-8.wav,비표적음,esc50_197408,sheep,ESC-50
비표적음/ESC-50_non_target/audio_by_category/sheep/3-197408-C-8.wav,비표적음,esc50_197408,sheep,ESC-50
비표적음/ESC-50_non_target/audio_by_category/clapping/3-197435-A-22.wav,비표적음,esc50_197435,clapping,ESC-50
비표적음/ESC-50_non_target/audio_by_category/clapping/3-197435-B-22.wav,비표적음,esc50_197435,clapping,ESC-50
비표적음/ESC-50_non_target/audio_by_category/glass_breaking/3-203371-A-39.wav,비표적음,esc50_203371,glass_breaking,ESC-50
비표적음/ESC-50_non_target/audio_by_category/glass_breaking/3-203373-A-39.wav,비표적음,esc50_203373,glass_breaking,ESC-50
비표적음/ESC-50_non_target/audio_by_category/glass_breaking/3-203374-A-39.wav,비표적음,esc50_203374,glass_breaking,ESC-50
비표적음/ESC-50_non_target/audio_by_category/glass_breaking/3-203375-A-39.wav,비표적음,esc50_203375,glass_breaking,ESC-50
비표적음/ESC-50_non_target/audio_by_category/glass_breaking/3-203377-A-39.wav,비표적음,esc50_203377,glass_breaking,ESC-50
비표적음/ESC-50_non_target/audio_by_category/sheep/3-20861-A-8.wav,비표적음,esc50_20861,sheep,ESC-50
비표적음/ESC-50_non_target/audio_by_category/hand_saw/3-208820-A-49.wav,비표적음,esc50_208820,hand_saw,ESC-50
비표적음/ESC-50_non_target/audio_by_category/glass_breaking/3-216280-A-39.wav,비표적음,esc50_216280,glass_breaking,ESC-50
비표적음/ESC-50_non_target/audio_by_category/glass_breaking/3-216281-A-39.wav,비표적음,esc50_216281,glass_breaking,ESC-50
비표적음/ESC-50_non_target/audio_by_category/glass_breaking/3-216284-A-39.wav,비표적음,esc50_216284,glass_breaking,ESC-50
비표적음/ESC-50_non_target/audio_by_category/pig/3-233151-A-2.wav,비표적음,esc50_233151,pig,ESC-50
비표적음/ESC-50_non_target/audio_by_category/car_horn/3-243726-A-43.wav,비표적음,esc50_243726,car_horn,ESC-50
비표적음/ESC-50_non_target/audio_by_category/wind/3-246513-A-16.wav,비표적음,esc50_246513,wind,ESC-50
비표적음/ESC-50_non_target/audio_by_category/wind/3-246513-B-16.wav,비표적음,esc50_246513,wind,ESC-50
비표적음/ESC-50_non_target/audio_by_category/footsteps/3-249913-A-25.wav,비표적음,esc50_249913,footsteps,ESC-50
비표적음/ESC-50_non_target/audio_by_category/fireworks/3-251617-A-48.wav,비표적음,esc50_251617,fireworks,ESC-50
비표적음/ESC-50_non_target/audio_by_category/pig/3-253081-A-2.wav,비표적음,esc50_253081,pig,ESC-50
비표적음/ESC-50_non_target/audio_by_category/pig/3-253084-A-2.wav,비표적음,esc50_253084,pig,ESC-50
비표적음/ESC-50_non_target/audio_by_category/pig/3-253084-B-2.wav,비표적음,esc50_253084,pig,ESC-50
비표적음/ESC-50_non_target/audio_by_category/pig/3-253084-C-2.wav,비표적음,esc50_253084,pig,ESC-50
비표적음/ESC-50_non_target/audio_by_category/pig/3-253084-D-2.wav,비표적음,esc50_253084,pig,ESC-50
비표적음/ESC-50_non_target/audio_by_category/pig/3-253084-E-2.wav,비표적음,esc50_253084,pig,ESC-50
비표적음/ESC-50_non_target/audio_by_category/pig/3-257858-A-2.wav,비표적음,esc50_257858,pig,ESC-50
비표적음/ESC-50_non_target/audio_by_category/engine/3-259622-A-44.wav,비표적음,esc50_259622,engine,ESC-50
비표적음/ESC-50_non_target/audio_by_category/crackling_fire/3-65748-A-12.wav,비표적음,esc50_65748,crackling_fire,ESC-50
비표적음/ESC-50_non_target/audio_by_category/helicopter/3-68630-A-40.wav,비표적음,esc50_68630,helicopter,ESC-50
비표적음/ESC-50_non_target/audio_by_category/helicopter/3-68630-B-40.wav,비표적음,esc50_68630,helicopter,ESC-50
비표적음/ESC-50_non_target/audio_by_category/helicopter/3-68630-C-40.wav,비표적음,esc50_68630,helicopter,ESC-50
비표적음/ESC-50_non_target/audio_by_category/frog/3-70962-A-4.wav,비표적음,esc50_70962,frog,ESC-50
비표적음/ESC-50_non_target/audio_by_category/frog/3-70962-B-4.wav,비표적음,esc50_70962,frog,ESC-50
비표적음/ESC-50_non_target/audio_by_category/frog/3-70962-C-4.wav,비표적음,esc50_70962,frog,ESC-50
비표적음/ESC-50_non_target/audio_by_category/frog/3-71964-A-4.wav,비표적음,esc50_71964,frog,ESC-50
비표적음/ESC-50_non_target/audio_by_category/frog/3-71964-B-4.wav,비표적음,esc50_71964,frog,ESC-50
비표적음/ESC-50_non_target/audio_by_category/frog/3-71964-C-4.wav,비표적음,esc50_71964,frog,ESC-50
비표적음/ESC-50_non_target/audio_by_category/frog/3-83527-A-4.wav,비표적음,esc50_83527,frog,ESC-50
비표적음/ESC-50_non_target/audio_by_category/church_bells/3-87936-A-46.wav,비표적음,esc50_87936,church_bells,ESC-50
비표적음/ESC-50_non_target/audio_by_category/church_bells/3-87936-B-46.wav,비표적음,esc50_87936,church_bells,ESC-50
비표적음/ESC-50_non_target/audio_by_category/toilet_flush/3-92637-A-18.wav,비표적음,esc50_92637,toilet_flush,ESC-50
비표적음/ESC-50_non_target/audio_by_category/toilet_flush/3-93010-A-18.wav,비표적음,esc50_93010,toilet_flush,ESC-50
비표적음/ESC-50_non_target/audio_by_category/footsteps/3-94342-A-25.wav,비표적음,esc50_94342,footsteps,ESC-50
비표적음/ESC-50_non_target/audio_by_category/footsteps/3-94343-A-25.wav,비표적음,esc50_94343,footsteps,ESC-50
비표적음/ESC-50_non_target/audio_by_category/footsteps/3-94344-A-25.wav,비표적음,esc50_94344,footsteps,ESC-50
비표적음/ESC-50_non_target/audio_by_category/door_wood_creaks/3-94355-A-33.wav,비표적음,esc50_94355,door_wood_creaks,ESC-50
비표적음/ESC-50_non_target/audio_by_category/cat/3-95694-A-5.wav,비표적음,esc50_95694,cat,ESC-50
비표적음/ESC-50_non_target/audio_by_category/cat/3-95695-A-5.wav,비표적음,esc50_95695,cat,ESC-50
비표적음/ESC-50_non_target/audio_by_category/cat/3-95695-B-5.wav,비표적음,esc50_95695,cat,ESC-50
비표적음/ESC-50_non_target/audio_by_category/cat/3-95697-A-5.wav,비표적음,esc50_95697,cat,ESC-50
비표적음/ESC-50_non_target/audio_by_category/cat/3-95698-A-5.wav,비표적음,esc50_95698,cat,ESC-50
비표적음/ESC-50_non_target/audio_by_category/hand_saw/3-96606-A-49.wav,비표적음,esc50_96606,hand_saw,ESC-50
비표적음/ESC-50_non_target/audio_by_category/hand_saw/3-96606-B-49.wav,비표적음,esc50_96606,hand_saw,ESC-50
비표적음/ESC-50_non_target/audio_by_category/hand_saw/3-97909-A-49.wav,비표적음,esc50_97909,hand_saw,ESC-50
비표적음/ESC-50_non_target/audio_by_category/hand_saw/3-97909-B-49.wav,비표적음,esc50_97909,hand_saw,ESC-50
비표적음/ESC-50_non_target/audio_by_category/church_bells/3-98193-A-46.wav,비표적음,esc50_98193,church_bells,ESC-50
비표적음/ESC-50_non_target/audio_by_category/toilet_flush/3-98771-A-18.wav,비표적음,esc50_98771,toilet_flush,ESC-50
비표적음/ESC-50_non_target/audio_by_category/church_bells/3-98869-A-46.wav,비표적음,esc50_98869,church_bells,ESC-50
비표적음/ESC-50_non_target/audio_by_category/hand_saw/4-102844-A-49.wav,비표적음,esc50_102844,hand_saw,ESC-50
비표적음/ESC-50_non_target/audio_by_category/hand_saw/4-102844-B-49.wav,비표적음,esc50_102844,hand_saw,ESC-50
비표적음/ESC-50_non_target/audio_by_category/hand_saw/4-102844-C-49.wav,비표적음,esc50_102844,hand_saw,ESC-50
비표적음/ESC-50_non_target/audio_by_category/door_wood_creaks/4-107117-A-33.wav,비표적음,esc50_107117,door_wood_creaks,ESC-50
비표적음/ESC-50_non_target/audio_by_category/door_wood_creaks/4-107120-A-33.wav,비표적음,esc50_107120,door_wood_creaks,ESC-50
비표적음/ESC-50_non_target/audio_by_category/door_wood_creaks/4-107122-A-33.wav,비표적음,esc50_107122,door_wood_creaks,ESC-50
비표적음/ESC-50_non_target/audio_by_category/door_wood_creaks/4-108352-A-33.wav,비표적음,esc50_108352,door_wood_creaks,ESC-50
비표적음/ESC-50_non_target/audio_by_category/footsteps/4-117627-A-25.wav,비표적음,esc50_117627,footsteps,ESC-50
비표적음/ESC-50_non_target/audio_by_category/footsteps/4-117630-A-25.wav,비표적음,esc50_117630,footsteps,ESC-50
비표적음/ESC-50_non_target/audio_by_category/fireworks/4-119647-A-48.wav,비표적음,esc50_119647,fireworks,ESC-50
비표적음/ESC-50_non_target/audio_by_category/fireworks/4-119647-B-48.wav,비표적음,esc50_119647,fireworks,ESC-50
비표적음/ESC-50_non_target/audio_by_category/fireworks/4-119647-C-48.wav,비표적음,esc50_119647,fireworks,ESC-50
비표적음/ESC-50_non_target/audio_by_category/fireworks/4-119647-D-48.wav,비표적음,esc50_119647,fireworks,ESC-50
비표적음/ESC-50_non_target/audio_by_category/fireworks/4-119648-A-48.wav,비표적음,esc50_119648,fireworks,ESC-50
비표적음/ESC-50_non_target/audio_by_category/fireworks/4-119648-B-48.wav,비표적음,esc50_119648,fireworks,ESC-50
비표적음/ESC-50_non_target/audio_by_category/fireworks/4-119648-C-48.wav,비표적음,esc50_119648,fireworks,ESC-50
비표적음/ESC-50_non_target/audio_by_category/fireworks/4-119648-D-48.wav,비표적음,esc50_119648,fireworks,ESC-50
비표적음/ESC-50_non_target/audio_by_category/toilet_flush/4-119720-A-18.wav,비표적음,esc50_119720,toilet_flush,ESC-50
비표적음/ESC-50_non_target/audio_by_category/cat/4-120160-A-5.wav,비표적음,esc50_120160,cat,ESC-50
비표적음/ESC-50_non_target/audio_by_category/toilet_flush/4-123680-A-18.wav,비표적음,esc50_123680,toilet_flush,ESC-50
비표적음/ESC-50_non_target/audio_by_category/thunderstorm/4-125070-A-19.wav,비표적음,esc50_125070,thunderstorm,ESC-50
비표적음/ESC-50_non_target/audio_by_category/thunderstorm/4-125071-A-19.wav,비표적음,esc50_125071,thunderstorm,ESC-50
비표적음/ESC-50_non_target/audio_by_category/thunderstorm/4-125072-A-19.wav,비표적음,esc50_125072,thunderstorm,ESC-50
비표적음/ESC-50_non_target/audio_by_category/thunderstorm/4-125072-B-19.wav,비표적음,esc50_125072,thunderstorm,ESC-50
비표적음/ESC-50_non_target/audio_by_category/church_bells/4-125825-A-46.wav,비표적음,esc50_125825,church_bells,ESC-50
비표적음/ESC-50_non_target/audio_by_category/church_bells/4-125825-B-46.wav,비표적음,esc50_125825,church_bells,ESC-50
비표적음/ESC-50_non_target/audio_by_category/helicopter/4-125929-A-40.wav,비표적음,esc50_125929,helicopter,ESC-50
비표적음/ESC-50_non_target/audio_by_category/toilet_flush/4-126046-A-18.wav,비표적음,esc50_126046,toilet_flush,ESC-50
비표적음/ESC-50_non_target/audio_by_category/toilet_flush/4-126532-A-18.wav,비표적음,esc50_126532,toilet_flush,ESC-50
비표적음/ESC-50_non_target/audio_by_category/door_wood_creaks/4-128659-A-33.wav,비표적음,esc50_128659,door_wood_creaks,ESC-50
비표적음/ESC-50_non_target/audio_by_category/frog/4-130584-A-4.wav,비표적음,esc50_130584,frog,ESC-50
비표적음/ESC-50_non_target/audio_by_category/insects/4-130891-A-7.wav,비표적음,esc50_130891,insects,ESC-50
비표적음/ESC-50_non_target/audio_by_category/pig/4-132383-A-2.wav,비표적음,esc50_132383,pig,ESC-50
비표적음/ESC-50_non_target/audio_by_category/pig/4-132383-B-2.wav,비표적음,esc50_132383,pig,ESC-50
비표적음/ESC-50_non_target/audio_by_category/laughing/4-132803-A-26.wav,비표적음,esc50_132803,laughing,ESC-50
비표적음/ESC-50_non_target/audio_by_category/laughing/4-132810-A-26.wav,비표적음,esc50_132810,laughing,ESC-50
비표적음/ESC-50_non_target/audio_by_category/laughing/4-132816-A-26.wav,비표적음,esc50_132816,laughing,ESC-50
비표적음/ESC-50_non_target/audio_by_category/door_wood_creaks/4-132839-A-33.wav,비표적음,esc50_132839,door_wood_creaks,ESC-50
비표적음/ESC-50_non_target/audio_by_category/cat/4-133047-A-5.wav,비표적음,esc50_133047,cat,ESC-50
비표적음/ESC-50_non_target/audio_by_category/cat/4-133047-B-5.wav,비표적음,esc50_133047,cat,ESC-50
비표적음/ESC-50_non_target/audio_by_category/cat/4-133047-C-5.wav,비표적음,esc50_133047,cat,ESC-50
비표적음/ESC-50_non_target/audio_by_category/laughing/4-133674-A-26.wav,비표적음,esc50_133674,laughing,ESC-50
비표적음/ESC-50_non_target/audio_by_category/insects/4-133895-A-7.wav,비표적음,esc50_133895,insects,ESC-50
비표적음/ESC-50_non_target/audio_by_category/toilet_flush/4-135439-A-18.wav,비표적음,esc50_135439,toilet_flush,ESC-50
비표적음/ESC-50_non_target/audio_by_category/crow/4-136381-A-9.wav,비표적음,esc50_136381,crow,ESC-50
비표적음/ESC-50_non_target/audio_by_category/crow/4-138344-A-9.wav,비표적음,esc50_138344,crow,ESC-50
비표적음/ESC-50_non_target/audio_by_category/church_bells/4-140034-A-46.wav,비표적음,esc50_140034,church_bells,ESC-50
비표적음/ESC-50_non_target/audio_by_category/toilet_flush/4-141365-A-18.wav,비표적음,esc50_141365,toilet_flush,ESC-50
비표적음/ESC-50_non_target/audio_by_category/insects/4-143118-A-7.wav,비표적음,esc50_143118,insects,ESC-50
비표적음/ESC-50_non_target/audio_by_category/insects/4-143118-B-7.wav,비표적음,esc50_143118,insects,ESC-50
비표적음/ESC-50_non_target/audio_by_category/wind/4-144083-A-16.wav,비표적음,esc50_144083,wind,ESC-50
비표적음/ESC-50_non_target/audio_by_category/wind/4-144083-B-16.wav,비표적음,esc50_144083,wind,ESC-50
비표적음/ESC-50_non_target/audio_by_category/wind/4-144083-C-16.wav,비표적음,esc50_144083,wind,ESC-50
비표적음/ESC-50_non_target/audio_by_category/wind/4-144085-A-16.wav,비표적음,esc50_144085,wind,ESC-50
비표적음/ESC-50_non_target/audio_by_category/brushing_teeth/4-144468-A-27.wav,비표적음,esc50_144468,brushing_teeth,ESC-50
비표적음/ESC-50_non_target/audio_by_category/brushing_teeth/4-144468-B-27.wav,비표적음,esc50_144468,brushing_teeth,ESC-50
비표적음/ESC-50_non_target/audio_by_category/toilet_flush/4-145006-A-18.wav,비표적음,esc50_145006,toilet_flush,ESC-50
비표적음/ESC-50_non_target/audio_by_category/crow/4-145081-A-9.wav,비표적음,esc50_145081,crow,ESC-50
비표적음/ESC-50_non_target/audio_by_category/vacuum_cleaner/4-146200-A-36.wav,비표적음,esc50_146200,vacuum_cleaner,ESC-50
비표적음/ESC-50_non_target/audio_by_category/pig/4-147240-A-2.wav,비표적음,esc50_147240,pig,ESC-50
비표적음/ESC-50_non_target/audio_by_category/pig/4-147240-B-2.wav,비표적음,esc50_147240,pig,ESC-50
비표적음/ESC-50_non_target/audio_by_category/church_bells/4-147657-A-46.wav,비표적음,esc50_147657,church_bells,ESC-50
비표적음/ESC-50_non_target/audio_by_category/church_bells/4-147658-A-46.wav,비표적음,esc50_147658,church_bells,ESC-50
비표적음/ESC-50_non_target/audio_by_category/chainsaw/4-149294-A-41.wav,비표적음,esc50_149294,chainsaw,ESC-50
비표적음/ESC-50_non_target/audio_by_category/chainsaw/4-149294-B-41.wav,비표적음,esc50_149294,chainsaw,ESC-50
비표적음/ESC-50_non_target/audio_by_category/cat/4-149940-A-5.wav,비표적음,esc50_149940,cat,ESC-50
비표적음/ESC-50_non_target/audio_by_category/cat/4-149940-B-5.wav,비표적음,esc50_149940,cat,ESC-50
비표적음/ESC-50_non_target/audio_by_category/church_bells/4-150364-A-46.wav,비표적음,esc50_150364,church_bells,ESC-50
비표적음/ESC-50_non_target/audio_by_category/church_bells/4-150364-B-46.wav,비표적음,esc50_150364,church_bells,ESC-50
비표적음/ESC-50_non_target/audio_by_category/clock_alarm/4-151242-A-37.wav,비표적음,esc50_151242,clock_alarm,ESC-50
비표적음/ESC-50_non_target/audio_by_category/toilet_flush/4-152958-A-18.wav,비표적음,esc50_152958,toilet_flush,ESC-50
비표적음/ESC-50_non_target/audio_by_category/coughing/4-152995-A-24.wav,비표적음,esc50_152995,coughing,ESC-50
비표적음/ESC-50_non_target/audio_by_category/brushing_teeth/4-154405-A-27.wav,비표적음,esc50_154405,brushing_teeth,ESC-50
비표적음/ESC-50_non_target/audio_by_category/brushing_teeth/4-154405-B-27.wav,비표적음,esc50_154405,brushing_teeth,ESC-50
비표적음/ESC-50_non_target/audio_by_category/coughing/4-154443-A-24.wav,비표적음,esc50_154443,coughing,ESC-50
비표적음/ESC-50_non_target/audio_by_category/frog/4-154793-A-4.wav,비표적음,esc50_154793,frog,ESC-50
비표적음/ESC-50_non_target/audio_by_category/coughing/4-155650-A-24.wav,비표적음,esc50_155650,coughing,ESC-50
비표적음/ESC-50_non_target/audio_by_category/coughing/4-155650-B-24.wav,비표적음,esc50_155650,coughing,ESC-50
비표적음/ESC-50_non_target/audio_by_category/laughing/4-155670-A-26.wav,비표적음,esc50_155670,laughing,ESC-50
비표적음/ESC-50_non_target/audio_by_category/crow/4-156227-A-9.wav,비표적음,esc50_156227,crow,ESC-50
비표적음/ESC-50_non_target/audio_by_category/church_bells/4-156827-A-46.wav,비표적음,esc50_156827,church_bells,ESC-50
비표적음/ESC-50_non_target/audio_by_category/sneezing/4-156843-A-21.wav,비표적음,esc50_156843,sneezing,ESC-50
비표적음/ESC-50_non_target/audio_by_category/sneezing/4-156844-A-21.wav,비표적음,esc50_156844,sneezing,ESC-50
비표적음/ESC-50_non_target/audio_by_category/thunderstorm/4-156993-A-19.wav,비표적음,esc50_156993,thunderstorm,ESC-50
비표적음/ESC-50_non_target/audio_by_category/coughing/4-157296-A-24.wav,비표적음,esc50_157296,coughing,ESC-50
비표적음/ESC-50_non_target/audio_by_category/sneezing/4-157297-A-21.wav,비표적음,esc50_157297,sneezing,ESC-50
비표적음/ESC-50_non_target/audio_by_category/chainsaw/4-157611-A-41.wav,비표적음,esc50_157611,chainsaw,ESC-50
비표적음/ESC-50_non_target/audio_by_category/chainsaw/4-157611-B-41.wav,비표적음,esc50_157611,chainsaw,ESC-50
비표적음/ESC-50_non_target/audio_by_category/keyboard_typing/4-158653-A-32.wav,비표적음,esc50_158653,keyboard_typing,ESC-50
비표적음/ESC-50_non_target/audio_by_category/crow/4-159426-A-9.wav,비표적음,esc50_159426,crow,ESC-50
비표적음/ESC-50_non_target/audio_by_category/chirping_birds/4-159609-A-14.wav,비표적음,esc50_159609,chirping_birds,ESC-50
비표적음/ESC-50_non_target/audio_by_category/chirping_birds/4-159609-B-14.wav,비표적음,esc50_159609,chirping_birds,ESC-50
비표적음/ESC-50_non_target/audio_by_category/door_wood_creaks/4-160036-A-33.wav,비표적음,esc50_160036,door_wood_creaks,ESC-50
비표적음/ESC-50_non_target/audio_by_category/door_wood_creaks/4-160036-B-33.wav,비표적음,esc50_160036,door_wood_creaks,ESC-50
비표적음/ESC-50_non_target/audio_by_category/rain/4-160999-A-10.wav,비표적음,esc50_160999,rain,ESC-50
비표적음/ESC-50_non_target/audio_by_category/airplane/4-161099-A-47.wav,비표적음,esc50_161099,airplane,ESC-50
비표적음/ESC-50_non_target/audio_by_category/airplane/4-161099-B-47.wav,비표적음,esc50_161099,airplane,ESC-50
비표적음/ESC-50_non_target/audio_by_category/airplane/4-161100-A-47.wav,비표적음,esc50_161100,airplane,ESC-50
비표적음/ESC-50_non_target/audio_by_category/airplane/4-161103-A-47.wav,비표적음,esc50_161103,airplane,ESC-50
비표적음/ESC-50_non_target/audio_by_category/airplane/4-161105-A-47.wav,비표적음,esc50_161105,airplane,ESC-50
비표적음/ESC-50_non_target/audio_by_category/airplane/4-161105-B-47.wav,비표적음,esc50_161105,airplane,ESC-50
비표적음/ESC-50_non_target/audio_by_category/rain/4-161127-A-10.wav,비표적음,esc50_161127,rain,ESC-50
비표적음/ESC-50_non_target/audio_by_category/cat/4-161303-A-5.wav,비표적음,esc50_161303,cat,ESC-50
비표적음/ESC-50_non_target/audio_by_category/cat/4-161303-B-5.wav,비표적음,esc50_161303,cat,ESC-50
비표적음/ESC-50_non_target/audio_by_category/thunderstorm/4-161519-A-19.wav,비표적음,esc50_161519,thunderstorm,ESC-50
비표적음/ESC-50_non_target/audio_by_category/helicopter/4-161579-A-40.wav,비표적음,esc50_161579,helicopter,ESC-50
비표적음/ESC-50_non_target/audio_by_category/helicopter/4-161579-B-40.wav,비표적음,esc50_161579,helicopter,ESC-50
비표적음/ESC-50_non_target/audio_by_category/rain/4-163264-A-10.wav,비표적음,esc50_163264,rain,ESC-50
비표적음/ESC-50_non_target/audio_by_category/wind/4-163606-A-16.wav,비표적음,esc50_163606,wind,ESC-50
비표적음/ESC-50_non_target/audio_by_category/wind/4-163608-B-16.wav,비표적음,esc50_163608,wind,ESC-50
비표적음/ESC-50_non_target/audio_by_category/wind/4-163609-A-16.wav,비표적음,esc50_163609,wind,ESC-50
비표적음/ESC-50_non_target/audio_by_category/wind/4-163609-B-16.wav,비표적음,esc50_163609,wind,ESC-50
비표적음/ESC-50_non_target/audio_by_category/crickets/4-163697-A-13.wav,비표적음,esc50_163697,crickets,ESC-50
비표적음/ESC-50_non_target/audio_by_category/rooster/4-164021-A-1.wav,비표적음,esc50_164021,rooster,ESC-50
비표적음/ESC-50_non_target/audio_by_category/rooster/4-164064-A-1.wav,비표적음,esc50_164064,rooster,ESC-50
비표적음/ESC-50_non_target/audio_by_category/rooster/4-164064-B-1.wav,비표적음,esc50_164064,rooster,ESC-50
비표적음/ESC-50_non_target/audio_by_category/rooster/4-164064-C-1.wav,비표적음,esc50_164064,rooster,ESC-50
비표적음/ESC-50_non_target/audio_by_category/rain/4-164206-A-10.wav,비표적음,esc50_164206,rain,ESC-50
비표적음/ESC-50_non_target/audio_by_category/laughing/4-164243-A-26.wav,비표적음,esc50_164243,laughing,ESC-50
비표적음/ESC-50_non_target/audio_by_category/crackling_fire/4-164661-A-12.wav,비표적음,esc50_164661,crackling_fire,ESC-50
비표적음/ESC-50_non_target/audio_by_category/crackling_fire/4-164661-B-12.wav,비표적음,esc50_164661,crackling_fire,ESC-50
비표적음/ESC-50_non_target/audio_by_category/rooster/4-164859-A-1.wav,비표적음,esc50_164859,rooster,ESC-50
비표적음/ESC-50_non_target/audio_by_category/train/4-165606-A-45.wav,비표적음,esc50_165606,train,ESC-50
비표적음/ESC-50_non_target/audio_by_category/train/4-165791-A-45.wav,비표적음,esc50_165791,train,ESC-50
비표적음/ESC-50_non_target/audio_by_category/train/4-165791-B-45.wav,비표적음,esc50_165791,train,ESC-50
비표적음/ESC-50_non_target/audio_by_category/thunderstorm/4-165813-A-19.wav,비표적음,esc50_165813,thunderstorm,ESC-50
비표적음/ESC-50_non_target/audio_by_category/thunderstorm/4-165813-B-19.wav,비표적음,esc50_165813,thunderstorm,ESC-50
비표적음/ESC-50_non_target/audio_by_category/chainsaw/4-165823-A-41.wav,비표적음,esc50_165823,chainsaw,ESC-50
비표적음/ESC-50_non_target/audio_by_category/chainsaw/4-165823-B-41.wav,비표적음,esc50_165823,chainsaw,ESC-50
비표적음/ESC-50_non_target/audio_by_category/train/4-165845-A-45.wav,비표적음,esc50_165845,train,ESC-50
비표적음/ESC-50_non_target/audio_by_category/train/4-165845-B-45.wav,비표적음,esc50_165845,train,ESC-50
비표적음/ESC-50_non_target/audio_by_category/train/4-165933-A-45.wav,비표적음,esc50_165933,train,ESC-50
비표적음/ESC-50_non_target/audio_by_category/rain/4-166661-A-10.wav,비표적음,esc50_166661,rain,ESC-50
비표적음/ESC-50_non_target/audio_by_category/sea_waves/4-167063-A-11.wav,비표적음,esc50_167063,sea_waves,ESC-50
비표적음/ESC-50_non_target/audio_by_category/sea_waves/4-167063-B-11.wav,비표적음,esc50_167063,sea_waves,ESC-50
비표적음/ESC-50_non_target/audio_by_category/sea_waves/4-167063-C-11.wav,비표적음,esc50_167063,sea_waves,ESC-50
비표적음/ESC-50_non_target/audio_by_category/keyboard_typing/4-167155-A-32.wav,비표적음,esc50_167155,keyboard_typing,ESC-50
비표적음/ESC-50_non_target/audio_by_category/laughing/4-167571-A-26.wav,비표적음,esc50_167571,laughing,ESC-50
비표적음/ESC-50_non_target/audio_by_category/sneezing/4-167642-A-21.wav,비표적음,esc50_167642,sneezing,ESC-50
비표적음/ESC-50_non_target/audio_by_category/water_drops/4-168155-A-15.wav,비표적음,esc50_168155,water_drops,ESC-50
비표적음/ESC-50_non_target/audio_by_category/train/4-168446-A-45.wav,비표적음,esc50_168446,train,ESC-50
비표적음/ESC-50_non_target/audio_by_category/pouring_water/4-168868-A-17.wav,비표적음,esc50_168868,pouring_water,ESC-50
비표적음/ESC-50_non_target/audio_by_category/chainsaw/4-169127-A-41.wav,비표적음,esc50_169127,chainsaw,ESC-50
비표적음/ESC-50_non_target/audio_by_category/chainsaw/4-169127-B-41.wav,비표적음,esc50_169127,chainsaw,ESC-50
비표적음/ESC-50_non_target/audio_by_category/clock_alarm/4-169508-A-37.wav,비표적음,esc50_169508,clock_alarm,ESC-50
비표적음/ESC-50_non_target/audio_by_category/coughing/4-169726-A-24.wav,비표적음,esc50_169726,coughing,ESC-50
비표적음/ESC-50_non_target/audio_by_category/rooster/4-170078-A-1.wav,비표적음,esc50_170078,rooster,ESC-50
비표적음/ESC-50_non_target/audio_by_category/crackling_fire/4-170247-A-12.wav,비표적음,esc50_170247,crackling_fire,ESC-50
비표적음/ESC-50_non_target/audio_by_category/crackling_fire/4-170247-B-12.wav,비표적음,esc50_170247,crackling_fire,ESC-50
비표적음/ESC-50_non_target/audio_by_category/crackling_fire/4-171207-A-12.wav,비표적음,esc50_171207,crackling_fire,ESC-50
비표적음/ESC-50_non_target/audio_by_category/coughing/4-171396-A-24.wav,비표적음,esc50_171396,coughing,ESC-50
비표적음/ESC-50_non_target/audio_by_category/sneezing/4-171519-A-21.wav,비표적음,esc50_171519,sneezing,ESC-50
비표적음/ESC-50_non_target/audio_by_category/engine/4-171652-A-44.wav,비표적음,esc50_171652,engine,ESC-50
비표적음/ESC-50_non_target/audio_by_category/breathing/4-171706-A-23.wav,비표적음,esc50_171706,breathing,ESC-50
비표적음/ESC-50_non_target/audio_by_category/crickets/4-171823-A-13.wav,비표적음,esc50_171823,crickets,ESC-50
비표적음/ESC-50_non_target/audio_by_category/crickets/4-172143-A-13.wav,비표적음,esc50_172143,crickets,ESC-50
비표적음/ESC-50_non_target/audio_by_category/keyboard_typing/4-172180-A-32.wav,비표적음,esc50_172180,keyboard_typing,ESC-50
비표적음/ESC-50_non_target/audio_by_category/clock_alarm/4-172366-A-37.wav,비표적음,esc50_172366,clock_alarm,ESC-50
비표적음/ESC-50_non_target/audio_by_category/pouring_water/4-172377-A-17.wav,비표적음,esc50_172377,pouring_water,ESC-50
비표적음/ESC-50_non_target/audio_by_category/brushing_teeth/4-172500-A-27.wav,비표적음,esc50_172500,brushing_teeth,ESC-50
비표적음/ESC-50_non_target/audio_by_category/brushing_teeth/4-172500-B-27.wav,비표적음,esc50_172500,brushing_teeth,ESC-50
비표적음/ESC-50_non_target/audio_by_category/brushing_teeth/4-172500-C-27.wav,비표적음,esc50_172500,brushing_teeth,ESC-50
비표적음/ESC-50_non_target/audio_by_category/brushing_teeth/4-172500-D-27.wav,비표적음,esc50_172500,brushing_teeth,ESC-50
비표적음/ESC-50_non_target/audio_by_category/vacuum_cleaner/4-172732-A-36.wav,비표적음,esc50_172732,vacuum_cleaner,ESC-50
비표적음/ESC-50_non_target/audio_by_category/vacuum_cleaner/4-172733-A-36.wav,비표적음,esc50_172733,vacuum_cleaner,ESC-50
비표적음/ESC-50_non_target/audio_by_category/vacuum_cleaner/4-172734-A-36.wav,비표적음,esc50_172734,vacuum_cleaner,ESC-50
비표적음/ESC-50_non_target/audio_by_category/vacuum_cleaner/4-172736-A-36.wav,비표적음,esc50_172736,vacuum_cleaner,ESC-50
비표적음/ESC-50_non_target/audio_by_category/vacuum_cleaner/4-172736-B-36.wav,비표적음,esc50_172736,vacuum_cleaner,ESC-50
비표적음/ESC-50_non_target/audio_by_category/keyboard_typing/4-172742-A-32.wav,비표적음,esc50_172742,keyboard_typing,ESC-50
비표적음/ESC-50_non_target/audio_by_category/crow/4-173865-A-9.wav,비표적음,esc50_173865,crow,ESC-50
비표적음/ESC-50_non_target/audio_by_category/crow/4-173865-B-9.wav,비표적음,esc50_173865,crow,ESC-50
비표적음/ESC-50_non_target/audio_by_category/water_drops/4-174797-A-15.wav,비표적음,esc50_174797,water_drops,ESC-50
비표적음/ESC-50_non_target/audio_by_category/cow/4-174860-A-3.wav,비표적음,esc50_174860,cow,ESC-50
비표적음/ESC-50_non_target/audio_by_category/cow/4-174860-B-3.wav,비표적음,esc50_174860,cow,ESC-50
비표적음/ESC-50_non_target/audio_by_category/helicopter/4-175000-A-40.wav,비표적음,esc50_175000,helicopter,ESC-50
비표적음/ESC-50_non_target/audio_by_category/helicopter/4-175000-B-40.wav,비표적음,esc50_175000,helicopter,ESC-50
비표적음/ESC-50_non_target/audio_by_category/helicopter/4-175000-C-40.wav,비표적음,esc50_175000,helicopter,ESC-50
비표적음/ESC-50_non_target/audio_by_category/can_opening/4-175025-A-34.wav,비표적음,esc50_175025,can_opening,ESC-50
비표적음/ESC-50_non_target/audio_by_category/car_horn/4-175845-A-43.wav,비표적음,esc50_175845,car_horn,ESC-50
비표적음/ESC-50_non_target/audio_by_category/car_horn/4-175846-A-43.wav,비표적음,esc50_175846,car_horn,ESC-50
비표적음/ESC-50_non_target/audio_by_category/car_horn/4-175855-A-43.wav,비표적음,esc50_175855,car_horn,ESC-50
비표적음/ESC-50_non_target/audio_by_category/car_horn/4-175856-A-43.wav,비표적음,esc50_175856,car_horn,ESC-50
비표적음/ESC-50_non_target/audio_by_category/clock_tick/4-175945-A-38.wav,비표적음,esc50_175945,clock_tick,ESC-50
비표적음/ESC-50_non_target/audio_by_category/car_horn/4-176631-A-43.wav,비표적음,esc50_176631,car_horn,ESC-50
비표적음/ESC-50_non_target/audio_by_category/car_horn/4-176638-A-43.wav,비표적음,esc50_176638,car_horn,ESC-50
비표적음/ESC-50_non_target/audio_by_category/breathing/4-176914-A-23.wav,비표적음,esc50_176914,breathing,ESC-50
비표적음/ESC-50_non_target/audio_by_category/keyboard_typing/4-177243-A-32.wav,비표적음,esc50_177243,keyboard_typing,ESC-50
비표적음/ESC-50_non_target/audio_by_category/rain/4-177250-A-10.wav,비표적음,esc50_177250,rain,ESC-50
비표적음/ESC-50_non_target/audio_by_category/coughing/4-177835-A-24.wav,비표적음,esc50_177835,coughing,ESC-50
비표적음/ESC-50_non_target/audio_by_category/car_horn/4-178402-A-43.wav,비표적음,esc50_178402,car_horn,ESC-50
비표적음/ESC-50_non_target/audio_by_category/train/4-178881-A-45.wav,비표적음,esc50_178881,train,ESC-50
비표적음/ESC-50_non_target/audio_by_category/can_opening/4-179836-A-34.wav,비표적음,esc50_179836,can_opening,ESC-50
비표적음/ESC-50_non_target/audio_by_category/clock_tick/4-179984-A-38.wav,비표적음,esc50_179984,clock_tick,ESC-50
비표적음/ESC-50_non_target/audio_by_category/snoring/4-180337-A-28.wav,비표적음,esc50_180337,snoring,ESC-50
비표적음/ESC-50_non_target/audio_by_category/rain/4-180380-A-10.wav,비표적음,esc50_180380,rain,ESC-50
비표적음/ESC-50_non_target/audio_by_category/pouring_water/4-180453-A-17.wav,비표적음,esc50_180453,pouring_water,ESC-50
비표적음/ESC-50_non_target/audio_by_category/clock_tick/4-181035-A-38.wav,비표적음,esc50_181035,clock_tick,ESC-50
비표적음/ESC-50_non_target/audio_by_category/rain/4-181286-A-10.wav,비표적음,esc50_181286,rain,ESC-50
비표적음/ESC-50_non_target/audio_by_category/crickets/4-181362-A-13.wav,비표적음,esc50_181362,crickets,ESC-50
비표적음/ESC-50_non_target/audio_by_category/crackling_fire/4-181563-A-12.wav,비표적음,esc50_181563,crackling_fire,ESC-50
비표적음/ESC-50_non_target/audio_by_category/laughing/4-181599-A-26.wav,비표적음,esc50_181599,laughing,ESC-50
비표적음/ESC-50_non_target/audio_by_category/pouring_water/4-181628-A-17.wav,비표적음,esc50_181628,pouring_water,ESC-50
비표적음/ESC-50_non_target/audio_by_category/keyboard_typing/4-181707-A-32.wav,비표적음,esc50_181707,keyboard_typing,ESC-50
비표적음/ESC-50_non_target/audio_by_category/keyboard_typing/4-181708-A-32.wav,비표적음,esc50_181708,keyboard_typing,ESC-50
비표적음/ESC-50_non_target/audio_by_category/clock_tick/4-181865-A-38.wav,비표적음,esc50_181865,clock_tick,ESC-50
비표적음/ESC-50_non_target/audio_by_category/cow/4-181955-A-3.wav,비표적음,esc50_181955,cow,ESC-50
비표적음/ESC-50_non_target/audio_by_category/cow/4-181955-B-3.wav,비표적음,esc50_181955,cow,ESC-50
비표적음/ESC-50_non_target/audio_by_category/cow/4-181955-C-3.wav,비표적음,esc50_181955,cow,ESC-50
비표적음/ESC-50_non_target/audio_by_category/vacuum_cleaner/4-181999-A-36.wav,비표적음,esc50_181999,vacuum_cleaner,ESC-50
비표적음/ESC-50_non_target/audio_by_category/insects/4-182314-A-7.wav,비표적음,esc50_182314,insects,ESC-50
비표적음/ESC-50_non_target/audio_by_category/insects/4-182314-B-7.wav,비표적음,esc50_182314,insects,ESC-50
비표적음/ESC-50_non_target/audio_by_category/crackling_fire/4-182368-A-12.wav,비표적음,esc50_182368,crackling_fire,ESC-50
비표적음/ESC-50_non_target/audio_by_category/crackling_fire/4-182369-A-12.wav,비표적음,esc50_182369,crackling_fire,ESC-50
비표적음/ESC-50_non_target/audio_by_category/dog/4-182395-A-0.wav,비표적음,esc50_182395,dog,ESC-50
비표적음/ESC-50_non_target/audio_by_category/sea_waves/4-182613-A-11.wav,비표적음,esc50_182613,sea_waves,ESC-50
비표적음/ESC-50_non_target/audio_by_category/sea_waves/4-182613-B-11.wav,비표적음,esc50_182613,sea_waves,ESC-50
비표적음/ESC-50_non_target/audio_by_category/chirping_birds/4-182795-A-14.wav,비표적음,esc50_182795,chirping_birds,ESC-50
비표적음/ESC-50_non_target/audio_by_category/pouring_water/4-182839-A-17.wav,비표적음,esc50_182839,pouring_water,ESC-50
비표적음/ESC-50_non_target/audio_by_category/rooster/4-183487-A-1.wav,비표적음,esc50_183487,rooster,ESC-50
비표적음/ESC-50_non_target/audio_by_category/snoring/4-183882-A-28.wav,비표적음,esc50_183882,snoring,ESC-50
비표적음/ESC-50_non_target/audio_by_category/snoring/4-183882-B-28.wav,비표적음,esc50_183882,snoring,ESC-50
비표적음/ESC-50_non_target/audio_by_category/dog/4-183992-A-0.wav,비표적음,esc50_183992,dog,ESC-50
비표적음/ESC-50_non_target/audio_by_category/snoring/4-184235-A-28.wav,비표적음,esc50_184235,snoring,ESC-50
비표적음/ESC-50_non_target/audio_by_category/snoring/4-184237-A-28.wav,비표적음,esc50_184237,snoring,ESC-50
비표적음/ESC-50_non_target/audio_by_category/sneezing/4-184434-A-21.wav,비표적음,esc50_184434,sneezing,ESC-50
비표적음/ESC-50_non_target/audio_by_category/dog/4-184575-A-0.wav,비표적음,esc50_184575,dog,ESC-50
비표적음/ESC-50_non_target/audio_by_category/sneezing/4-185415-A-21.wav,비표적음,esc50_185415,sneezing,ESC-50
비표적음/ESC-50_non_target/audio_by_category/keyboard_typing/4-185613-A-32.wav,비표적음,esc50_185613,keyboard_typing,ESC-50
비표적음/ESC-50_non_target/audio_by_category/sneezing/4-185619-A-21.wav,비표적음,esc50_185619,sneezing,ESC-50
비표적음/ESC-50_non_target/audio_by_category/pouring_water/4-186693-A-17.wav,비표적음,esc50_186693,pouring_water,ESC-50
비표적음/ESC-50_non_target/audio_by_category/engine/4-186935-A-44.wav,비표적음,esc50_186935,engine,ESC-50
비표적음/ESC-50_non_target/audio_by_category/engine/4-186936-A-44.wav,비표적음,esc50_186936,engine,ESC-50
비표적음/ESC-50_non_target/audio_by_category/engine/4-186938-A-44.wav,비표적음,esc50_186938,engine,ESC-50
비표적음/ESC-50_non_target/audio_by_category/engine/4-186940-A-44.wav,비표적음,esc50_186940,engine,ESC-50
비표적음/ESC-50_non_target/audio_by_category/engine/4-186962-A-44.wav,비표적음,esc50_186962,engine,ESC-50
비표적음/ESC-50_non_target/audio_by_category/can_opening/4-187384-A-34.wav,비표적음,esc50_187384,can_opening,ESC-50
비표적음/ESC-50_non_target/audio_by_category/pouring_water/4-187504-A-17.wav,비표적음,esc50_187504,pouring_water,ESC-50
비표적음/ESC-50_non_target/audio_by_category/pouring_water/4-187504-B-17.wav,비표적음,esc50_187504,pouring_water,ESC-50
비표적음/ESC-50_non_target/audio_by_category/chirping_birds/4-187769-A-14.wav,비표적음,esc50_187769,chirping_birds,ESC-50
비표적음/ESC-50_non_target/audio_by_category/chirping_birds/4-187769-B-14.wav,비표적음,esc50_187769,chirping_birds,ESC-50
비표적음/ESC-50_non_target/audio_by_category/can_opening/4-188003-A-34.wav,비표적음,esc50_188003,can_opening,ESC-50
비표적음/ESC-50_non_target/audio_by_category/clock_tick/4-188033-A-38.wav,비표적음,esc50_188033,clock_tick,ESC-50
비표적음/ESC-50_non_target/audio_by_category/drinking_sipping/4-188191-A-29.wav,비표적음,esc50_188191,drinking_sipping,ESC-50
비표적음/ESC-50_non_target/audio_by_category/drinking_sipping/4-188191-B-29.wav,비표적음,esc50_188191,drinking_sipping,ESC-50
비표적음/ESC-50_non_target/audio_by_category/drinking_sipping/4-188191-C-29.wav,비표적음,esc50_188191,drinking_sipping,ESC-50
비표적음/ESC-50_non_target/audio_by_category/crow/4-188287-A-9.wav,비표적음,esc50_188287,crow,ESC-50
비표적음/ESC-50_non_target/audio_by_category/water_drops/4-188293-A-15.wav,비표적음,esc50_188293,water_drops,ESC-50
비표적음/ESC-50_non_target/audio_by_category/water_drops/4-188293-B-15.wav,비표적음,esc50_188293,water_drops,ESC-50
비표적음/ESC-50_non_target/audio_by_category/drinking_sipping/4-188595-A-29.wav,비표적음,esc50_188595,drinking_sipping,ESC-50
비표적음/ESC-50_non_target/audio_by_category/sheep/4-188703-A-8.wav,비표적음,esc50_188703,sheep,ESC-50
비표적음/ESC-50_non_target/audio_by_category/sheep/4-188703-B-8.wav,비표적음,esc50_188703,sheep,ESC-50
비표적음/ESC-50_non_target/audio_by_category/sheep/4-188703-C-8.wav,비표적음,esc50_188703,sheep,ESC-50
비표적음/ESC-50_non_target/audio_by_category/sheep/4-188703-D-8.wav,비표적음,esc50_188703,sheep,ESC-50
비표적음/ESC-50_non_target/audio_by_category/clock_alarm/4-189332-A-37.wav,비표적음,esc50_189332,clock_alarm,ESC-50
비표적음/ESC-50_non_target/audio_by_category/clapping/4-189828-A-22.wav,비표적음,esc50_189828,clapping,ESC-50
비표적음/ESC-50_non_target/audio_by_category/clapping/4-189830-A-22.wav,비표적음,esc50_189830,clapping,ESC-50
비표적음/ESC-50_non_target/audio_by_category/clapping/4-189832-A-22.wav,비표적음,esc50_189832,clapping,ESC-50
비표적음/ESC-50_non_target/audio_by_category/clapping/4-189832-B-22.wav,비표적음,esc50_189832,clapping,ESC-50
비표적음/ESC-50_non_target/audio_by_category/clapping/4-189833-A-22.wav,비표적음,esc50_189833,clapping,ESC-50
비표적음/ESC-50_non_target/audio_by_category/clapping/4-189836-A-22.wav,비표적음,esc50_189836,clapping,ESC-50
비표적음/ESC-50_non_target/audio_by_category/clapping/4-189838-A-22.wav,비표적음,esc50_189838,clapping,ESC-50
비표적음/ESC-50_non_target/audio_by_category/car_horn/4-191015-A-43.wav,비표적음,esc50_191015,car_horn,ESC-50
비표적음/ESC-50_non_target/audio_by_category/insects/4-191246-A-7.wav,비표적음,esc50_191246,insects,ESC-50
비표적음/ESC-50_non_target/audio_by_category/insects/4-191246-B-7.wav,비표적음,esc50_191246,insects,ESC-50
비표적음/ESC-50_non_target/audio_by_category/snoring/4-191297-A-28.wav,비표적음,esc50_191297,snoring,ESC-50
비표적음/ESC-50_non_target/audio_by_category/clock_tick/4-191327-A-38.wav,비표적음,esc50_191327,clock_tick,ESC-50
비표적음/ESC-50_non_target/audio_by_category/dog/4-191687-A-0.wav,비표적음,esc50_191687,dog,ESC-50
비표적음/ESC-50_non_target/audio_by_category/mouse_click/4-192068-A-31.wav,비표적음,esc50_192068,mouse_click,ESC-50
비표적음/ESC-50_non_target/audio_by_category/dog/4-192236-A-0.wav,비표적음,esc50_192236,dog,ESC-50
비표적음/ESC-50_non_target/audio_by_category/helicopter/4-193480-A-40.wav,비표적음,esc50_193480,helicopter,ESC-50
비표적음/ESC-50_non_target/audio_by_category/helicopter/4-193480-B-40.wav,비표적음,esc50_193480,helicopter,ESC-50
비표적음/ESC-50_non_target/audio_by_category/crickets/4-194246-A-13.wav,비표적음,esc50_194246,crickets,ESC-50
비표적음/ESC-50_non_target/audio_by_category/vacuum_cleaner/4-194680-A-36.wav,비표적음,esc50_194680,vacuum_cleaner,ESC-50
비표적음/ESC-50_non_target/audio_by_category/clock_tick/4-194711-A-38.wav,비표적음,esc50_194711,clock_tick,ESC-50
비표적음/ESC-50_non_target/audio_by_category/dog/4-194754-A-0.wav,비표적음,esc50_194754,dog,ESC-50
비표적음/ESC-50_non_target/audio_by_category/drinking_sipping/4-194808-A-29.wav,비표적음,esc50_194808,drinking_sipping,ESC-50
비표적음/ESC-50_non_target/audio_by_category/footsteps/4-194979-A-25.wav,비표적음,esc50_194979,footsteps,ESC-50
비표적음/ESC-50_non_target/audio_by_category/footsteps/4-194981-A-25.wav,비표적음,esc50_194981,footsteps,ESC-50
비표적음/ESC-50_non_target/audio_by_category/mouse_click/4-195305-A-31.wav,비표적음,esc50_195305,mouse_click,ESC-50
비표적음/ESC-50_non_target/audio_by_category/engine/4-195451-A-44.wav,비표적음,esc50_195451,engine,ESC-50
비표적음/ESC-50_non_target/audio_by_category/sea_waves/4-195497-A-11.wav,비표적음,esc50_195497,sea_waves,ESC-50
비표적음/ESC-50_non_target/audio_by_category/sea_waves/4-195497-B-11.wav,비표적음,esc50_195497,sea_waves,ESC-50
비표적음/ESC-50_non_target/audio_by_category/crickets/4-195707-A-13.wav,비표적음,esc50_195707,crickets,ESC-50
비표적음/ESC-50_non_target/audio_by_category/crickets/4-195805-A-13.wav,비표적음,esc50_195805,crickets,ESC-50
비표적음/ESC-50_non_target/audio_by_category/sheep/4-196671-A-8.wav,비표적음,esc50_196671,sheep,ESC-50
비표적음/ESC-50_non_target/audio_by_category/sheep/4-196671-B-8.wav,비표적음,esc50_196671,sheep,ESC-50
비표적음/ESC-50_non_target/audio_by_category/sheep/4-196672-A-8.wav,비표적음,esc50_196672,sheep,ESC-50
비표적음/ESC-50_non_target/audio_by_category/hen/4-197103-A-6.wav,비표적음,esc50_197103,hen,ESC-50
비표적음/ESC-50_non_target/audio_by_category/snoring/4-197454-A-28.wav,비표적음,esc50_197454,snoring,ESC-50
비표적음/ESC-50_non_target/audio_by_category/snoring/4-197454-B-28.wav,비표적음,esc50_197454,snoring,ESC-50
비표적음/ESC-50_non_target/audio_by_category/water_drops/4-197871-A-15.wav,비표적음,esc50_197871,water_drops,ESC-50
비표적음/ESC-50_non_target/audio_by_category/breathing/4-198025-A-23.wav,비표적음,esc50_198025,breathing,ESC-50
비표적음/ESC-50_non_target/audio_by_category/hand_saw/4-198360-A-49.wav,비표적음,esc50_198360,hand_saw,ESC-50
비표적음/ESC-50_non_target/audio_by_category/hand_saw/4-198360-B-49.wav,비표적음,esc50_198360,hand_saw,ESC-50
비표적음/ESC-50_non_target/audio_by_category/hand_saw/4-198360-C-49.wav,비표적음,esc50_198360,hand_saw,ESC-50
비표적음/ESC-50_non_target/audio_by_category/clock_alarm/4-198841-A-37.wav,비표적음,esc50_198841,clock_alarm,ESC-50
비표적음/ESC-50_non_target/audio_by_category/footsteps/4-198962-A-25.wav,비표적음,esc50_198962,footsteps,ESC-50
비표적음/ESC-50_non_target/audio_by_category/footsteps/4-198962-B-25.wav,비표적음,esc50_198962,footsteps,ESC-50
비표적음/ESC-50_non_target/audio_by_category/clock_tick/4-198965-A-38.wav,비표적음,esc50_198965,clock_tick,ESC-50
비표적음/ESC-50_non_target/audio_by_category/dog/4-199261-A-0.wav,비표적음,esc50_199261,dog,ESC-50
비표적음/ESC-50_non_target/audio_by_category/hen/4-200330-A-6.wav,비표적음,esc50_200330,hen,ESC-50
비표적음/ESC-50_non_target/audio_by_category/hen/4-200330-B-6.wav,비표적음,esc50_200330,hen,ESC-50
비표적음/ESC-50_non_target/audio_by_category/mouse_click/4-201300-A-31.wav,비표적음,esc50_201300,mouse_click,ESC-50
비표적음/ESC-50_non_target/audio_by_category/mouse_click/4-201800-A-31.wav,비표적음,esc50_201800,mouse_click,ESC-50
비표적음/ESC-50_non_target/audio_by_category/engine/4-201988-A-44.wav,비표적음,esc50_201988,engine,ESC-50
비표적음/ESC-50_non_target/audio_by_category/mouse_click/4-202298-A-31.wav,비표적음,esc50_202298,mouse_click,ESC-50
비표적음/ESC-50_non_target/audio_by_category/crickets/4-202749-A-13.wav,비표적음,esc50_202749,crickets,ESC-50
비표적음/ESC-50_non_target/audio_by_category/glass_breaking/4-204115-A-39.wav,비표적음,esc50_204115,glass_breaking,ESC-50
비표적음/ESC-50_non_target/audio_by_category/glass_breaking/4-204119-A-39.wav,비표적음,esc50_204119,glass_breaking,ESC-50
비표적음/ESC-50_non_target/audio_by_category/glass_breaking/4-204121-A-39.wav,비표적음,esc50_204121,glass_breaking,ESC-50
비표적음/ESC-50_non_target/audio_by_category/glass_breaking/4-204123-A-39.wav,비표적음,esc50_204123,glass_breaking,ESC-50
비표적음/ESC-50_non_target/audio_by_category/drinking_sipping/4-204202-A-29.wav,비표적음,esc50_204202,drinking_sipping,ESC-50
비표적음/ESC-50_non_target/audio_by_category/mouse_click/4-204612-A-31.wav,비표적음,esc50_204612,mouse_click,ESC-50
비표적음/ESC-50_non_target/audio_by_category/sea_waves/4-204618-A-11.wav,비표적음,esc50_204618,sea_waves,ESC-50
비표적음/ESC-50_non_target/audio_by_category/mouse_click/4-204683-A-31.wav,비표적음,esc50_204683,mouse_click,ESC-50
비표적음/ESC-50_non_target/audio_by_category/clock_alarm/4-204684-A-37.wav,비표적음,esc50_204684,clock_alarm,ESC-50
비표적음/ESC-50_non_target/audio_by_category/glass_breaking/4-204777-A-39.wav,비표적음,esc50_204777,glass_breaking,ESC-50
비표적음/ESC-50_non_target/audio_by_category/glass_breaking/4-204777-B-39.wav,비표적음,esc50_204777,glass_breaking,ESC-50
비표적음/ESC-50_non_target/audio_by_category/glass_breaking/4-204777-C-39.wav,비표적음,esc50_204777,glass_breaking,ESC-50
비표적음/ESC-50_non_target/audio_by_category/hen/4-204830-A-6.wav,비표적음,esc50_204830,hen,ESC-50
비표적음/ESC-50_non_target/audio_by_category/breathing/4-205526-A-23.wav,비표적음,esc50_205526,breathing,ESC-50
비표적음/ESC-50_non_target/audio_by_category/breathing/4-205526-B-23.wav,비표적음,esc50_205526,breathing,ESC-50
비표적음/ESC-50_non_target/audio_by_category/clapping/4-205738-A-22.wav,비표적음,esc50_205738,clapping,ESC-50
비표적음/ESC-50_non_target/audio_by_category/breathing/4-207116-A-23.wav,비표적음,esc50_207116,breathing,ESC-50
비표적음/ESC-50_non_target/audio_by_category/dog/4-207124-A-0.wav,비표적음,esc50_207124,dog,ESC-50
비표적음/ESC-50_non_target/audio_by_category/rooster/4-208021-A-1.wav,비표적음,esc50_208021,rooster,ESC-50
비표적음/ESC-50_non_target/audio_by_category/clock_alarm/4-209536-A-37.wav,비표적음,esc50_209536,clock_alarm,ESC-50
비표적음/ESC-50_non_target/audio_by_category/clock_alarm/4-209698-A-37.wav,비표적음,esc50_209698,clock_alarm,ESC-50
비표적음/ESC-50_non_target/audio_by_category/breathing/4-210000-A-23.wav,비표적음,esc50_210000,breathing,ESC-50
비표적음/ESC-50_non_target/audio_by_category/breathing/4-210000-B-23.wav,비표적음,esc50_210000,breathing,ESC-50
비표적음/ESC-50_non_target/audio_by_category/mouse_click/4-210309-A-31.wav,비표적음,esc50_210309,mouse_click,ESC-50
비표적음/ESC-50_non_target/audio_by_category/drinking_sipping/4-210593-A-29.wav,비표적음,esc50_210593,drinking_sipping,ESC-50
비표적음/ESC-50_non_target/audio_by_category/water_drops/4-212604-A-15.wav,비표적음,esc50_212604,water_drops,ESC-50
비표적음/ESC-50_non_target/audio_by_category/water_drops/4-212604-B-15.wav,비표적음,esc50_212604,water_drops,ESC-50
비표적음/ESC-50_non_target/audio_by_category/water_drops/4-212604-C-15.wav,비표적음,esc50_212604,water_drops,ESC-50
비표적음/ESC-50_non_target/audio_by_category/glass_breaking/4-212698-A-39.wav,비표적음,esc50_212698,glass_breaking,ESC-50
비표적음/ESC-50_non_target/audio_by_category/can_opening/4-212728-A-34.wav,비표적음,esc50_212728,can_opening,ESC-50
비표적음/ESC-50_non_target/audio_by_category/drinking_sipping/4-213193-A-29.wav,비표적음,esc50_213193,drinking_sipping,ESC-50
비표적음/ESC-50_non_target/audio_by_category/cow/4-213915-A-3.wav,비표적음,esc50_213915,cow,ESC-50
비표적음/ESC-50_non_target/audio_by_category/cow/4-213915-B-3.wav,비표적음,esc50_213915,cow,ESC-50
비표적음/ESC-50_non_target/audio_by_category/cow/4-213915-C-3.wav,비표적음,esc50_213915,cow,ESC-50
비표적음/ESC-50_non_target/audio_by_category/can_opening/4-215635-A-34.wav,비표적음,esc50_215635,can_opening,ESC-50
비표적음/ESC-50_non_target/audio_by_category/chirping_birds/4-216211-A-14.wav,비표적음,esc50_216211,chirping_birds,ESC-50
비표적음/ESC-50_non_target/audio_by_category/can_opening/4-216349-A-34.wav,비표적음,esc50_216349,can_opening,ESC-50
비표적음/ESC-50_non_target/audio_by_category/washing_machine/4-218199-A-35.wav,비표적음,esc50_218199,washing_machine,ESC-50
비표적음/ESC-50_non_target/audio_by_category/washing_machine/4-218199-B-35.wav,비표적음,esc50_218199,washing_machine,ESC-50
비표적음/ESC-50_non_target/audio_by_category/washing_machine/4-218199-C-35.wav,비표적음,esc50_218199,washing_machine,ESC-50
비표적음/ESC-50_non_target/audio_by_category/washing_machine/4-218199-D-35.wav,비표적음,esc50_218199,washing_machine,ESC-50
비표적음/ESC-50_non_target/audio_by_category/washing_machine/4-218199-E-35.wav,비표적음,esc50_218199,washing_machine,ESC-50
비표적음/ESC-50_non_target/audio_by_category/washing_machine/4-218199-F-35.wav,비표적음,esc50_218199,washing_machine,ESC-50
비표적음/ESC-50_non_target/audio_by_category/washing_machine/4-218199-G-35.wav,비표적음,esc50_218199,washing_machine,ESC-50
비표적음/ESC-50_non_target/audio_by_category/washing_machine/4-218199-H-35.wav,비표적음,esc50_218199,washing_machine,ESC-50
비표적음/ESC-50_non_target/audio_by_category/footsteps/4-218304-A-25.wav,비표적음,esc50_218304,footsteps,ESC-50
비표적음/ESC-50_non_target/audio_by_category/footsteps/4-218304-B-25.wav,비표적음,esc50_218304,footsteps,ESC-50
비표적음/ESC-50_non_target/audio_by_category/chirping_birds/4-223125-A-14.wav,비표적음,esc50_223125,chirping_birds,ESC-50
비표적음/ESC-50_non_target/audio_by_category/chirping_birds/4-223127-A-14.wav,비표적음,esc50_223127,chirping_birds,ESC-50
비표적음/ESC-50_non_target/audio_by_category/hen/4-232495-A-6.wav,비표적음,esc50_232495,hen,ESC-50
비표적음/ESC-50_non_target/audio_by_category/pig/4-234644-A-2.wav,비표적음,esc50_234644,pig,ESC-50
비표적음/ESC-50_non_target/audio_by_category/hen/4-234879-A-6.wav,비표적음,esc50_234879,hen,ESC-50
비표적음/ESC-50_non_target/audio_by_category/hen/4-244318-A-6.wav,비표적음,esc50_244318,hen,ESC-50
비표적음/ESC-50_non_target/audio_by_category/sheep/4-250864-A-8.wav,비표적음,esc50_250864,sheep,ESC-50
비표적음/ESC-50_non_target/audio_by_category/pig/4-250869-A-2.wav,비표적음,esc50_250869,pig,ESC-50
비표적음/ESC-50_non_target/audio_by_category/pig/4-250869-B-2.wav,비표적음,esc50_250869,pig,ESC-50
비표적음/ESC-50_non_target/audio_by_category/pig/4-250869-C-2.wav,비표적음,esc50_250869,pig,ESC-50
비표적음/ESC-50_non_target/audio_by_category/hand_saw/4-251645-A-49.wav,비표적음,esc50_251645,hand_saw,ESC-50
비표적음/ESC-50_non_target/audio_by_category/hand_saw/4-251645-B-49.wav,비표적음,esc50_251645,hand_saw,ESC-50
비표적음/ESC-50_non_target/audio_by_category/airplane/4-251959-A-47.wav,비표적음,esc50_251959,airplane,ESC-50
비표적음/ESC-50_non_target/audio_by_category/hen/4-253649-A-6.wav,비표적음,esc50_253649,hen,ESC-50
비표적음/ESC-50_non_target/audio_by_category/airplane/4-255371-A-47.wav,비표적음,esc50_255371,airplane,ESC-50
비표적음/ESC-50_non_target/audio_by_category/can_opening/4-264453-A-34.wav,비표적음,esc50_264453,can_opening,ESC-50
비표적음/ESC-50_non_target/audio_by_category/frog/4-99193-A-4.wav,비표적음,esc50_99193,frog,ESC-50
비표적음/ESC-50_non_target/audio_by_category/frog/4-99193-B-4.wav,비표적음,esc50_99193,frog,ESC-50
비표적음/ESC-50_non_target/audio_by_category/frog/4-99644-A-4.wav,비표적음,esc50_99644,frog,ESC-50
비표적음/ESC-50_non_target/audio_by_category/frog/4-99644-B-4.wav,비표적음,esc50_99644,frog,ESC-50
비표적음/ESC-50_non_target/audio_by_category/frog/4-99644-C-4.wav,비표적음,esc50_99644,frog,ESC-50
비표적음/ESC-50_non_target/audio_by_category/frog/4-99644-D-4.wav,비표적음,esc50_99644,frog,ESC-50
비표적음/ESC-50_non_target/audio_by_category/pig/5-103415-A-2.wav,비표적음,esc50_103415,pig,ESC-50
비표적음/ESC-50_non_target/audio_by_category/pig/5-103416-A-2.wav,비표적음,esc50_103416,pig,ESC-50
비표적음/ESC-50_non_target/audio_by_category/pig/5-103418-A-2.wav,비표적음,esc50_103418,pig,ESC-50
비표적음/ESC-50_non_target/audio_by_category/pig/5-103420-A-2.wav,비표적음,esc50_103420,pig,ESC-50
비표적음/ESC-50_non_target/audio_by_category/pig/5-103421-A-2.wav,비표적음,esc50_103421,pig,ESC-50
비표적음/ESC-50_non_target/audio_by_category/pig/5-103422-A-2.wav,비표적음,esc50_103422,pig,ESC-50
비표적음/ESC-50_non_target/audio_by_category/pig/5-117250-A-2.wav,비표적음,esc50_117250,pig,ESC-50
비표적음/ESC-50_non_target/audio_by_category/wind/5-117773-A-16.wav,비표적음,esc50_117773,wind,ESC-50
비표적음/ESC-50_non_target/audio_by_category/pig/5-127990-A-2.wav,비표적음,esc50_127990,pig,ESC-50
비표적음/ESC-50_non_target/audio_by_category/washing_machine/5-141683-A-35.wav,비표적음,esc50_141683,washing_machine,ESC-50
비표적음/ESC-50_non_target/audio_by_category/brushing_teeth/5-147297-A-27.wav,비표적음,esc50_147297,brushing_teeth,ESC-50
비표적음/ESC-50_non_target/audio_by_category/frog/5-156026-A-4.wav,비표적음,esc50_156026,frog,ESC-50
비표적음/ESC-50_non_target/audio_by_category/frog/5-156026-B-4.wav,비표적음,esc50_156026,frog,ESC-50
비표적음/ESC-50_non_target/audio_by_category/frog/5-156026-C-4.wav,비표적음,esc50_156026,frog,ESC-50
비표적음/ESC-50_non_target/audio_by_category/frog/5-156026-D-4.wav,비표적음,esc50_156026,frog,ESC-50
비표적음/ESC-50_non_target/audio_by_category/toilet_flush/5-156698-A-18.wav,비표적음,esc50_156698,toilet_flush,ESC-50
비표적음/ESC-50_non_target/audio_by_category/thunderstorm/5-156999-A-19.wav,비표적음,esc50_156999,thunderstorm,ESC-50
비표적음/ESC-50_non_target/audio_by_category/thunderstorm/5-156999-B-19.wav,비표적음,esc50_156999,thunderstorm,ESC-50
비표적음/ESC-50_non_target/audio_by_category/thunderstorm/5-156999-C-19.wav,비표적음,esc50_156999,thunderstorm,ESC-50
비표적음/ESC-50_non_target/audio_by_category/thunderstorm/5-156999-D-19.wav,비표적음,esc50_156999,thunderstorm,ESC-50
비표적음/ESC-50_non_target/audio_by_category/thunderstorm/5-156999-E-19.wav,비표적음,esc50_156999,thunderstorm,ESC-50
비표적음/ESC-50_non_target/audio_by_category/wind/5-157204-A-16.wav,비표적음,esc50_157204,wind,ESC-50
비표적음/ESC-50_non_target/audio_by_category/wind/5-157204-B-16.wav,비표적음,esc50_157204,wind,ESC-50
비표적음/ESC-50_non_target/audio_by_category/fireworks/5-160614-A-48.wav,비표적음,esc50_160614,fireworks,ESC-50
비표적음/ESC-50_non_target/audio_by_category/fireworks/5-160614-B-48.wav,비표적음,esc50_160614,fireworks,ESC-50
비표적음/ESC-50_non_target/audio_by_category/fireworks/5-160614-C-48.wav,비표적음,esc50_160614,fireworks,ESC-50
비표적음/ESC-50_non_target/audio_by_category/fireworks/5-160614-D-48.wav,비표적음,esc50_160614,fireworks,ESC-50
비표적음/ESC-50_non_target/audio_by_category/fireworks/5-160614-E-48.wav,비표적음,esc50_160614,fireworks,ESC-50
비표적음/ESC-50_non_target/audio_by_category/fireworks/5-160614-F-48.wav,비표적음,esc50_160614,fireworks,ESC-50
비표적음/ESC-50_non_target/audio_by_category/fireworks/5-160614-G-48.wav,비표적음,esc50_160614,fireworks,ESC-50
비표적음/ESC-50_non_target/audio_by_category/fireworks/5-160614-H-48.wav,비표적음,esc50_160614,fireworks,ESC-50
비표적음/ESC-50_non_target/audio_by_category/door_wood_creaks/5-161270-A-33.wav,비표적음,esc50_161270,door_wood_creaks,ESC-50
비표적음/ESC-50_non_target/audio_by_category/door_wood_creaks/5-161270-B-33.wav,비표적음,esc50_161270,door_wood_creaks,ESC-50
비표적음/ESC-50_non_target/audio_by_category/cat/5-169983-A-5.wav,비표적음,esc50_169983,cat,ESC-50
비표적음/ESC-50_non_target/audio_by_category/chainsaw/5-170338-A-41.wav,비표적음,esc50_170338,chainsaw,ESC-50
비표적음/ESC-50_non_target/audio_by_category/chainsaw/5-170338-B-41.wav,비표적음,esc50_170338,chainsaw,ESC-50
비표적음/ESC-50_non_target/audio_by_category/laughing/5-171118-A-26.wav,비표적음,esc50_171118,laughing,ESC-50
비표적음/ESC-50_non_target/audio_by_category/chainsaw/5-171653-A-41.wav,비표적음,esc50_171653,chainsaw,ESC-50
비표적음/ESC-50_non_target/audio_by_category/cat/5-172299-A-5.wav,비표적음,esc50_172299,cat,ESC-50
비표적음/ESC-50_non_target/audio_by_category/cat/5-172639-A-5.wav,비표적음,esc50_172639,cat,ESC-50
비표적음/ESC-50_non_target/audio_by_category/door_wood_creaks/5-173568-A-33.wav,비표적음,esc50_173568,door_wood_creaks,ESC-50
비표적음/ESC-50_non_target/audio_by_category/toilet_flush/5-177034-A-18.wav,비표적음,esc50_177034,toilet_flush,ESC-50
비표적음/ESC-50_non_target/audio_by_category/cat/5-177614-A-5.wav,비표적음,esc50_177614,cat,ESC-50
비표적음/ESC-50_non_target/audio_by_category/door_wood_creaks/5-177779-A-33.wav,비표적음,esc50_177779,door_wood_creaks,ESC-50
비표적음/ESC-50_non_target/audio_by_category/helicopter/5-177957-A-40.wav,비표적음,esc50_177957,helicopter,ESC-50
비표적음/ESC-50_non_target/audio_by_category/helicopter/5-177957-B-40.wav,비표적음,esc50_177957,helicopter,ESC-50
비표적음/ESC-50_non_target/audio_by_category/helicopter/5-177957-C-40.wav,비표적음,esc50_177957,helicopter,ESC-50
비표적음/ESC-50_non_target/audio_by_category/helicopter/5-177957-D-40.wav,비표적음,esc50_177957,helicopter,ESC-50
비표적음/ESC-50_non_target/audio_by_category/helicopter/5-177957-E-40.wav,비표적음,esc50_177957,helicopter,ESC-50
비표적음/ESC-50_non_target/audio_by_category/coughing/5-178997-A-24.wav,비표적음,esc50_178997,coughing,ESC-50
비표적음/ESC-50_non_target/audio_by_category/church_bells/5-179294-A-46.wav,비표적음,esc50_179294,church_bells,ESC-50
비표적음/ESC-50_non_target/audio_by_category/wind/5-179496-A-16.wav,비표적음,esc50_179496,wind,ESC-50
비표적음/ESC-50_non_target/audio_by_category/wind/5-179496-B-16.wav,비표적음,esc50_179496,wind,ESC-50
비표적음/ESC-50_non_target/audio_by_category/car_horn/5-179860-A-43.wav,비표적음,esc50_179860,car_horn,ESC-50
비표적음/ESC-50_non_target/audio_by_category/car_horn/5-179863-A-43.wav,비표적음,esc50_179863,car_horn,ESC-50
비표적음/ESC-50_non_target/audio_by_category/car_horn/5-179865-A-43.wav,비표적음,esc50_179865,car_horn,ESC-50
비표적음/ESC-50_non_target/audio_by_category/car_horn/5-179866-A-43.wav,비표적음,esc50_179866,car_horn,ESC-50
비표적음/ESC-50_non_target/audio_by_category/car_horn/5-179868-A-43.wav,비표적음,esc50_179868,car_horn,ESC-50
비표적음/ESC-50_non_target/audio_by_category/car_horn/5-180156-A-43.wav,비표적음,esc50_180156,car_horn,ESC-50
비표적음/ESC-50_non_target/audio_by_category/car_horn/5-180156-B-43.wav,비표적음,esc50_180156,car_horn,ESC-50
비표적음/ESC-50_non_target/audio_by_category/car_horn/5-180156-C-43.wav,비표적음,esc50_180156,car_horn,ESC-50
비표적음/ESC-50_non_target/audio_by_category/brushing_teeth/5-180229-A-27.wav,비표적음,esc50_180229,brushing_teeth,ESC-50
비표적음/ESC-50_non_target/audio_by_category/door_wood_creaks/5-181458-A-33.wav,비표적음,esc50_181458,door_wood_creaks,ESC-50
비표적음/ESC-50_non_target/audio_by_category/rain/5-181766-A-10.wav,비표적음,esc50_181766,rain,ESC-50
비표적음/ESC-50_non_target/audio_by_category/washing_machine/5-181977-A-35.wav,비표적음,esc50_181977,washing_machine,ESC-50
비표적음/ESC-50_non_target/audio_by_category/vacuum_cleaner/5-182007-A-36.wav,비표적음,esc50_182007,vacuum_cleaner,ESC-50
비표적음/ESC-50_non_target/audio_by_category/vacuum_cleaner/5-182010-A-36.wav,비표적음,esc50_182010,vacuum_cleaner,ESC-50
비표적음/ESC-50_non_target/audio_by_category/vacuum_cleaner/5-182012-A-36.wav,비표적음,esc50_182012,vacuum_cleaner,ESC-50
비표적음/ESC-50_non_target/audio_by_category/toilet_flush/5-182404-A-18.wav,비표적음,esc50_182404,toilet_flush,ESC-50
비표적음/ESC-50_non_target/audio_by_category/coughing/5-184871-A-24.wav,비표적음,esc50_184871,coughing,ESC-50
비표적음/ESC-50_non_target/audio_by_category/brushing_teeth/5-185516-A-27.wav,비표적음,esc50_185516,brushing_teeth,ESC-50
비표적음/ESC-50_non_target/audio_by_category/chainsaw/5-185579-A-41.wav,비표적음,esc50_185579,chainsaw,ESC-50
비표적음/ESC-50_non_target/audio_by_category/chainsaw/5-185579-B-41.wav,비표적음,esc50_185579,chainsaw,ESC-50
비표적음/ESC-50_non_target/audio_by_category/toilet_flush/5-185908-A-18.wav,비표적음,esc50_185908,toilet_flush,ESC-50
비표적음/ESC-50_non_target/audio_by_category/crackling_fire/5-186924-A-12.wav,비표적음,esc50_186924,crackling_fire,ESC-50
비표적음/ESC-50_non_target/audio_by_category/frog/5-187201-A-4.wav,비표적음,esc50_187201,frog,ESC-50
비표적음/ESC-50_non_target/audio_by_category/frog/5-187201-B-4.wav,비표적음,esc50_187201,frog,ESC-50
비표적음/ESC-50_non_target/audio_by_category/door_wood_creaks/5-187444-A-33.wav,비표적음,esc50_187444,door_wood_creaks,ESC-50
비표적음/ESC-50_non_target/audio_by_category/sneezing/5-187979-A-21.wav,비표적음,esc50_187979,sneezing,ESC-50
비표적음/ESC-50_non_target/audio_by_category/vacuum_cleaner/5-188365-A-36.wav,비표적음,esc50_188365,vacuum_cleaner,ESC-50
비표적음/ESC-50_non_target/audio_by_category/thunderstorm/5-188495-A-19.wav,비표적음,esc50_188495,thunderstorm,ESC-50
비표적음/ESC-50_non_target/audio_by_category/door_wood_creaks/5-188606-A-33.wav,비표적음,esc50_188606,door_wood_creaks,ESC-50
비표적음/ESC-50_non_target/audio_by_category/rain/5-188655-A-10.wav,비표적음,esc50_188655,rain,ESC-50
비표적음/ESC-50_non_target/audio_by_category/church_bells/5-188716-A-46.wav,비표적음,esc50_188716,church_bells,ESC-50
비표적음/ESC-50_non_target/audio_by_category/train/5-188796-A-45.wav,비표적음,esc50_188796,train,ESC-50
비표적음/ESC-50_non_target/audio_by_category/train/5-188945-A-45.wav,비표적음,esc50_188945,train,ESC-50
비표적음/ESC-50_non_target/audio_by_category/crackling_fire/5-189212-A-12.wav,비표적음,esc50_189212,crackling_fire,ESC-50
비표적음/ESC-50_non_target/audio_by_category/crackling_fire/5-189237-A-12.wav,비표적음,esc50_189237,crackling_fire,ESC-50
비표적음/ESC-50_non_target/audio_by_category/frog/5-189795-A-4.wav,비표적음,esc50_189795,frog,ESC-50
비표적음/ESC-50_non_target/audio_by_category/helicopter/5-191131-A-40.wav,비표적음,esc50_191131,helicopter,ESC-50
비표적음/ESC-50_non_target/audio_by_category/door_wood_creaks/5-191497-A-33.wav,비표적음,esc50_191497,door_wood_creaks,ESC-50
비표적음/ESC-50_non_target/audio_by_category/thunderstorm/5-192191-A-19.wav,비표적음,esc50_192191,thunderstorm,ESC-50
비표적음/ESC-50_non_target/audio_by_category/rain/5-193339-A-10.wav,비표적음,esc50_193339,rain,ESC-50
비표적음/ESC-50_non_target/audio_by_category/crackling_fire/5-193473-A-12.wav,비표적음,esc50_193473,crackling_fire,ESC-50
비표적음/ESC-50_non_target/audio_by_category/crackling_fire/5-193473-B-12.wav,비표적음,esc50_193473,crackling_fire,ESC-50
비표적음/ESC-50_non_target/audio_by_category/sneezing/5-194533-A-21.wav,비표적음,esc50_194533,sneezing,ESC-50
비표적음/ESC-50_non_target/audio_by_category/rain/5-194892-A-10.wav,비표적음,esc50_194892,rain,ESC-50
비표적음/ESC-50_non_target/audio_by_category/cow/5-194899-A-3.wav,비표적음,esc50_194899,cow,ESC-50
비표적음/ESC-50_non_target/audio_by_category/cow/5-194899-B-3.wav,비표적음,esc50_194899,cow,ESC-50
비표적음/ESC-50_non_target/audio_by_category/cow/5-194899-C-3.wav,비표적음,esc50_194899,cow,ESC-50
비표적음/ESC-50_non_target/audio_by_category/cow/5-194899-D-3.wav,비표적음,esc50_194899,cow,ESC-50
비표적음/ESC-50_non_target/audio_by_category/rooster/5-194930-A-1.wav,비표적음,esc50_194930,rooster,ESC-50
비표적음/ESC-50_non_target/audio_by_category/rooster/5-194930-B-1.wav,비표적음,esc50_194930,rooster,ESC-50
비표적음/ESC-50_non_target/audio_by_category/insects/5-194932-A-7.wav,비표적음,esc50_194932,insects,ESC-50
비표적음/ESC-50_non_target/audio_by_category/insects/5-195517-A-7.wav,비표적음,esc50_195517,insects,ESC-50
비표적음/ESC-50_non_target/audio_by_category/insects/5-195518-A-7.wav,비표적음,esc50_195518,insects,ESC-50
비표적음/ESC-50_non_target/audio_by_category/thunderstorm/5-195557-A-19.wav,비표적음,esc50_195557,thunderstorm,ESC-50
비표적음/ESC-50_non_target/audio_by_category/rain/5-195710-A-10.wav,비표적음,esc50_195710,rain,ESC-50
비표적음/ESC-50_non_target/audio_by_category/train/5-197118-A-45.wav,비표적음,esc50_197118,train,ESC-50
비표적음/ESC-50_non_target/audio_by_category/train/5-197121-A-45.wav,비표적음,esc50_197121,train,ESC-50
비표적음/ESC-50_non_target/audio_by_category/train/5-197121-B-45.wav,비표적음,esc50_197121,train,ESC-50
비표적음/ESC-50_non_target/audio_by_category/insects/5-197446-A-7.wav,비표적음,esc50_197446,insects,ESC-50
비표적음/ESC-50_non_target/audio_by_category/toilet_flush/5-197913-A-18.wav,비표적음,esc50_197913,toilet_flush,ESC-50
비표적음/ESC-50_non_target/audio_by_category/church_bells/5-197988-A-46.wav,비표적음,esc50_197988,church_bells,ESC-50
비표적음/ESC-50_non_target/audio_by_category/insects/5-198278-A-7.wav,비표적음,esc50_198278,insects,ESC-50
비표적음/ESC-50_non_target/audio_by_category/insects/5-198278-B-7.wav,비표적음,esc50_198278,insects,ESC-50
비표적음/ESC-50_non_target/audio_by_category/insects/5-198278-C-7.wav,비표적음,esc50_198278,insects,ESC-50
비표적음/ESC-50_non_target/audio_by_category/rain/5-198321-A-10.wav,비표적음,esc50_198321,rain,ESC-50
비표적음/ESC-50_non_target/audio_by_category/church_bells/5-198373-A-46.wav,비표적음,esc50_198373,church_bells,ESC-50
비표적음/ESC-50_non_target/audio_by_category/train/5-198600-A-45.wav,비표적음,esc50_198600,train,ESC-50
비표적음/ESC-50_non_target/audio_by_category/sheep/5-198891-A-8.wav,비표적음,esc50_198891,sheep,ESC-50
비표적음/ESC-50_non_target/audio_by_category/sheep/5-198891-B-8.wav,비표적음,esc50_198891,sheep,ESC-50
비표적음/ESC-50_non_target/audio_by_category/sheep/5-198891-C-8.wav,비표적음,esc50_198891,sheep,ESC-50
비표적음/ESC-50_non_target/audio_by_category/sheep/5-198891-D-8.wav,비표적음,esc50_198891,sheep,ESC-50
비표적음/ESC-50_non_target/audio_by_category/train/5-199284-A-45.wav,비표적음,esc50_199284,train,ESC-50
비표적음/ESC-50_non_target/audio_by_category/train/5-199284-B-45.wav,비표적음,esc50_199284,train,ESC-50
비표적음/ESC-50_non_target/audio_by_category/sheep/5-200329-A-8.wav,비표적음,esc50_200329,sheep,ESC-50
비표적음/ESC-50_non_target/audio_by_category/sheep/5-200329-B-8.wav,비표적음,esc50_200329,sheep,ESC-50
비표적음/ESC-50_non_target/audio_by_category/sheep/5-200329-C-8.wav,비표적음,esc50_200329,sheep,ESC-50
비표적음/ESC-50_non_target/audio_by_category/rooster/5-200334-A-1.wav,비표적음,esc50_200334,rooster,ESC-50
비표적음/ESC-50_non_target/audio_by_category/rooster/5-200334-B-1.wav,비표적음,esc50_200334,rooster,ESC-50
비표적음/ESC-50_non_target/audio_by_category/rooster/5-200339-A-1.wav,비표적음,esc50_200339,rooster,ESC-50
비표적음/ESC-50_non_target/audio_by_category/sea_waves/5-200461-A-11.wav,비표적음,esc50_200461,sea_waves,ESC-50
비표적음/ESC-50_non_target/audio_by_category/sea_waves/5-200461-B-11.wav,비표적음,esc50_200461,sea_waves,ESC-50
비표적음/ESC-50_non_target/audio_by_category/church_bells/5-201170-A-46.wav,비표적음,esc50_201170,church_bells,ESC-50
비표적음/ESC-50_non_target/audio_by_category/church_bells/5-201172-A-46.wav,비표적음,esc50_201172,church_bells,ESC-50
비표적음/ESC-50_non_target/audio_by_category/clock_tick/5-201194-A-38.wav,비표적음,esc50_201194,clock_tick,ESC-50
비표적음/ESC-50_non_target/audio_by_category/sneezing/5-201274-A-21.wav,비표적음,esc50_201274,sneezing,ESC-50
비표적음/ESC-50_non_target/audio_by_category/toilet_flush/5-201664-A-18.wav,비표적음,esc50_201664,toilet_flush,ESC-50
비표적음/ESC-50_non_target/audio_by_category/toilet_flush/5-202020-A-18.wav,비표적음,esc50_202020,toilet_flush,ESC-50
비표적음/ESC-50_non_target/audio_by_category/sneezing/5-202220-A-21.wav,비표적음,esc50_202220,sneezing,ESC-50
비표적음/ESC-50_non_target/audio_by_category/toilet_flush/5-202540-A-18.wav,비표적음,esc50_202540,toilet_flush,ESC-50
비표적음/ESC-50_non_target/audio_by_category/cow/5-202795-A-3.wav,비표적음,esc50_202795,cow,ESC-50
비표적음/ESC-50_non_target/audio_by_category/rain/5-202898-A-10.wav,비표적음,esc50_202898,rain,ESC-50
비표적음/ESC-50_non_target/audio_by_category/dog/5-203128-A-0.wav,비표적음,esc50_203128,dog,ESC-50
비표적음/ESC-50_non_target/audio_by_category/dog/5-203128-B-0.wav,비표적음,esc50_203128,dog,ESC-50
비표적음/ESC-50_non_target/audio_by_category/rain/5-203739-A-10.wav,비표적음,esc50_203739,rain,ESC-50
비표적음/ESC-50_non_target/audio_by_category/drinking_sipping/5-204114-A-29.wav,비표적음,esc50_204114,drinking_sipping,ESC-50
비표적음/ESC-50_non_target/audio_by_category/crickets/5-204352-A-13.wav,비표적음,esc50_204352,crickets,ESC-50
비표적음/ESC-50_non_target/audio_by_category/crickets/5-204352-B-13.wav,비표적음,esc50_204352,crickets,ESC-50
비표적음/ESC-50_non_target/audio_by_category/coughing/5-204604-A-24.wav,비표적음,esc50_204604,coughing,ESC-50
비표적음/ESC-50_non_target/audio_by_category/church_bells/5-204741-A-46.wav,비표적음,esc50_204741,church_bells,ESC-50
비표적음/ESC-50_non_target/audio_by_category/keyboard_typing/5-205090-A-32.wav,비표적음,esc50_205090,keyboard_typing,ESC-50
비표적음/ESC-50_non_target/audio_by_category/pouring_water/5-205589-A-17.wav,비표적음,esc50_205589,pouring_water,ESC-50
비표적음/ESC-50_non_target/audio_by_category/pouring_water/5-205589-B-17.wav,비표적음,esc50_205589,pouring_water,ESC-50
비표적음/ESC-50_non_target/audio_by_category/helicopter/5-205898-A-40.wav,비표적음,esc50_205898,helicopter,ESC-50
비표적음/ESC-50_non_target/audio_by_category/coughing/5-207681-A-24.wav,비표적음,esc50_207681,coughing,ESC-50
비표적음/ESC-50_non_target/audio_by_category/pouring_water/5-207781-A-17.wav,비표적음,esc50_207781,pouring_water,ESC-50
비표적음/ESC-50_non_target/audio_by_category/washing_machine/5-207811-A-35.wav,비표적음,esc50_207811,washing_machine,ESC-50
비표적음/ESC-50_non_target/audio_by_category/washing_machine/5-207811-B-35.wav,비표적음,esc50_207811,washing_machine,ESC-50
비표적음/ESC-50_non_target/audio_by_category/drinking_sipping/5-207836-A-29.wav,비표적음,esc50_207836,drinking_sipping,ESC-50
비표적음/ESC-50_non_target/audio_by_category/drinking_sipping/5-207836-B-29.wav,비표적음,esc50_207836,drinking_sipping,ESC-50
비표적음/ESC-50_non_target/audio_by_category/drinking_sipping/5-207836-C-29.wav,비표적음,esc50_207836,drinking_sipping,ESC-50
비표적음/ESC-50_non_target/audio_by_category/drinking_sipping/5-207836-D-29.wav,비표적음,esc50_207836,drinking_sipping,ESC-50
비표적음/ESC-50_non_target/audio_by_category/dog/5-208030-A-0.wav,비표적음,esc50_208030,dog,ESC-50
비표적음/ESC-50_non_target/audio_by_category/clock_tick/5-208624-A-38.wav,비표적음,esc50_208624,clock_tick,ESC-50
비표적음/ESC-50_non_target/audio_by_category/coughing/5-208761-A-24.wav,비표적음,esc50_208761,coughing,ESC-50
비표적음/ESC-50_non_target/audio_by_category/sea_waves/5-208810-A-11.wav,비표적음,esc50_208810,sea_waves,ESC-50
비표적음/ESC-50_non_target/audio_by_category/sea_waves/5-208810-B-11.wav,비표적음,esc50_208810,sea_waves,ESC-50
비표적음/ESC-50_non_target/audio_by_category/clock_tick/5-209698-A-38.wav,비표적음,esc50_209698,clock_tick,ESC-50
비표적음/ESC-50_non_target/audio_by_category/coughing/5-209719-A-24.wav,비표적음,esc50_209719,coughing,ESC-50
비표적음/ESC-50_non_target/audio_by_category/clock_tick/5-209833-A-38.wav,비표적음,esc50_209833,clock_tick,ESC-50
비표적음/ESC-50_non_target/audio_by_category/clapping/5-209989-A-22.wav,비표적음,esc50_209989,clapping,ESC-50
비표적음/ESC-50_non_target/audio_by_category/engine/5-209992-A-44.wav,비표적음,esc50_209992,engine,ESC-50
비표적음/ESC-50_non_target/audio_by_category/engine/5-209992-B-44.wav,비표적음,esc50_209992,engine,ESC-50
비표적음/ESC-50_non_target/audio_by_category/crickets/5-210540-A-13.wav,비표적음,esc50_210540,crickets,ESC-50
비표적음/ESC-50_non_target/audio_by_category/clock_tick/5-210571-A-38.wav,비표적음,esc50_210571,clock_tick,ESC-50
비표적음/ESC-50_non_target/audio_by_category/clock_alarm/5-210612-A-37.wav,비표적음,esc50_210612,clock_alarm,ESC-50
비표적음/ESC-50_non_target/audio_by_category/coughing/5-211197-A-24.wav,비표적음,esc50_211197,coughing,ESC-50
비표적음/ESC-50_non_target/audio_by_category/clock_alarm/5-211408-A-37.wav,비표적음,esc50_211408,clock_alarm,ESC-50
비표적음/ESC-50_non_target/audio_by_category/brushing_teeth/5-212050-A-27.wav,비표적음,esc50_212050,brushing_teeth,ESC-50
비표적음/ESC-50_non_target/audio_by_category/vacuum_cleaner/5-212054-A-36.wav,비표적음,esc50_212054,vacuum_cleaner,ESC-50
비표적음/ESC-50_non_target/audio_by_category/vacuum_cleaner/5-212059-A-36.wav,비표적음,esc50_212059,vacuum_cleaner,ESC-50
비표적음/ESC-50_non_target/audio_by_category/clock_tick/5-212181-A-38.wav,비표적음,esc50_212181,clock_tick,ESC-50
비표적음/ESC-50_non_target/audio_by_category/dog/5-212454-A-0.wav,비표적음,esc50_212454,dog,ESC-50
비표적음/ESC-50_non_target/audio_by_category/pouring_water/5-212730-A-17.wav,비표적음,esc50_212730,pouring_water,ESC-50
비표적음/ESC-50_non_target/audio_by_category/pouring_water/5-212734-A-17.wav,비표적음,esc50_212734,pouring_water,ESC-50
비표적음/ESC-50_non_target/audio_by_category/pouring_water/5-212736-A-17.wav,비표적음,esc50_212736,pouring_water,ESC-50
비표적음/ESC-50_non_target/audio_by_category/sea_waves/5-213077-A-11.wav,비표적음,esc50_213077,sea_waves,ESC-50
비표적음/ESC-50_non_target/audio_by_category/breathing/5-213293-A-23.wav,비표적음,esc50_213293,breathing,ESC-50
비표적음/ESC-50_non_target/audio_by_category/crackling_fire/5-213802-A-12.wav,비표적음,esc50_213802,crackling_fire,ESC-50
비표적음/ESC-50_non_target/audio_by_category/crow/5-213836-A-9.wav,비표적음,esc50_213836,crow,ESC-50
비표적음/ESC-50_non_target/audio_by_category/crow/5-213836-B-9.wav,비표적음,esc50_213836,crow,ESC-50
비표적음/ESC-50_non_target/audio_by_category/crow/5-213836-C-9.wav,비표적음,esc50_213836,crow,ESC-50
비표적음/ESC-50_non_target/audio_by_category/crow/5-213836-D-9.wav,비표적음,esc50_213836,crow,ESC-50
비표적음/ESC-50_non_target/audio_by_category/dog/5-213855-A-0.wav,비표적음,esc50_213855,dog,ESC-50
비표적음/ESC-50_non_target/audio_by_category/pouring_water/5-214362-A-17.wav,비표적음,esc50_214362,pouring_water,ESC-50
비표적음/ESC-50_non_target/audio_by_category/cat/5-214759-A-5.wav,비표적음,esc50_214759,cat,ESC-50
비표적음/ESC-50_non_target/audio_by_category/cat/5-214759-B-5.wav,비표적음,esc50_214759,cat,ESC-50
비표적음/ESC-50_non_target/audio_by_category/crow/5-214869-A-9.wav,비표적음,esc50_214869,crow,ESC-50
비표적음/ESC-50_non_target/audio_by_category/keyboard_typing/5-215005-A-32.wav,비표적음,esc50_215005,keyboard_typing,ESC-50
비표적음/ESC-50_non_target/audio_by_category/crickets/5-215172-A-13.wav,비표적음,esc50_215172,crickets,ESC-50
비표적음/ESC-50_non_target/audio_by_category/crickets/5-215179-A-13.wav,비표적음,esc50_215179,crickets,ESC-50
비표적음/ESC-50_non_target/audio_by_category/airplane/5-215445-A-47.wav,비표적음,esc50_215445,airplane,ESC-50
비표적음/ESC-50_non_target/audio_by_category/airplane/5-215447-A-47.wav,비표적음,esc50_215447,airplane,ESC-50
비표적음/ESC-50_non_target/audio_by_category/airplane/5-215449-A-47.wav,비표적음,esc50_215449,airplane,ESC-50
비표적음/ESC-50_non_target/audio_by_category/pouring_water/5-215634-A-17.wav,비표적음,esc50_215634,pouring_water,ESC-50
비표적음/ESC-50_non_target/audio_by_category/crackling_fire/5-215658-A-12.wav,비표적음,esc50_215658,crackling_fire,ESC-50
비표적음/ESC-50_non_target/audio_by_category/crackling_fire/5-215658-B-12.wav,비표적음,esc50_215658,crackling_fire,ESC-50
비표적음/ESC-50_non_target/audio_by_category/keyboard_typing/5-216131-A-32.wav,비표적음,esc50_216131,keyboard_typing,ESC-50
비표적음/ESC-50_non_target/audio_by_category/crickets/5-216213-A-13.wav,비표적음,esc50_216213,crickets,ESC-50
비표적음/ESC-50_non_target/audio_by_category/crickets/5-216214-A-13.wav,비표적음,esc50_216214,crickets,ESC-50
비표적음/ESC-50_non_target/audio_by_category/crickets/5-216216-A-13.wav,비표적음,esc50_216216,crickets,ESC-50
비표적음/ESC-50_non_target/audio_by_category/snoring/5-216368-A-28.wav,비표적음,esc50_216368,snoring,ESC-50
비표적음/ESC-50_non_target/audio_by_category/chainsaw/5-216370-A-41.wav,비표적음,esc50_216370,chainsaw,ESC-50
비표적음/ESC-50_non_target/audio_by_category/chainsaw/5-216370-B-41.wav,비표적음,esc50_216370,chainsaw,ESC-50
비표적음/ESC-50_non_target/audio_by_category/dog/5-217158-A-0.wav,비표적음,esc50_217158,dog,ESC-50
비표적음/ESC-50_non_target/audio_by_category/wind/5-217186-A-16.wav,비표적음,esc50_217186,wind,ESC-50
비표적음/ESC-50_non_target/audio_by_category/wind/5-217186-B-16.wav,비표적음,esc50_217186,wind,ESC-50
비표적음/ESC-50_non_target/audio_by_category/wind/5-217186-C-16.wav,비표적음,esc50_217186,wind,ESC-50
비표적음/ESC-50_non_target/audio_by_category/brushing_teeth/5-218196-A-27.wav,비표적음,esc50_218196,brushing_teeth,ESC-50
비표적음/ESC-50_non_target/audio_by_category/brushing_teeth/5-218196-B-27.wav,비표적음,esc50_218196,brushing_teeth,ESC-50
비표적음/ESC-50_non_target/audio_by_category/clapping/5-218494-A-22.wav,비표적음,esc50_218494,clapping,ESC-50
비표적음/ESC-50_non_target/audio_by_category/church_bells/5-219044-A-46.wav,비표적음,esc50_219044,church_bells,ESC-50
비표적음/ESC-50_non_target/audio_by_category/clock_alarm/5-219242-A-37.wav,비표적음,esc50_219242,clock_alarm,ESC-50
비표적음/ESC-50_non_target/audio_by_category/clock_alarm/5-219242-B-37.wav,비표적음,esc50_219242,clock_alarm,ESC-50
비표적음/ESC-50_non_target/audio_by_category/mouse_click/5-219318-A-31.wav,비표적음,esc50_219318,mouse_click,ESC-50
비표적음/ESC-50_non_target/audio_by_category/clock_tick/5-219342-A-38.wav,비표적음,esc50_219342,clock_tick,ESC-50
비표적음/ESC-50_non_target/audio_by_category/sea_waves/5-219379-A-11.wav,비표적음,esc50_219379,sea_waves,ESC-50
비표적음/ESC-50_non_target/audio_by_category/sea_waves/5-219379-B-11.wav,비표적음,esc50_219379,sea_waves,ESC-50
비표적음/ESC-50_non_target/audio_by_category/sea_waves/5-219379-C-11.wav,비표적음,esc50_219379,sea_waves,ESC-50
비표적음/ESC-50_non_target/audio_by_category/sneezing/5-220026-A-21.wav,비표적음,esc50_220026,sneezing,ESC-50
비표적음/ESC-50_non_target/audio_by_category/sneezing/5-220027-A-21.wav,비표적음,esc50_220027,sneezing,ESC-50
비표적음/ESC-50_non_target/audio_by_category/brushing_teeth/5-220939-A-27.wav,비표적음,esc50_220939,brushing_teeth,ESC-50
비표적음/ESC-50_non_target/audio_by_category/helicopter/5-220955-A-40.wav,비표적음,esc50_220955,helicopter,ESC-50
비표적음/ESC-50_non_target/audio_by_category/sneezing/5-221518-A-21.wav,비표적음,esc50_221518,sneezing,ESC-50
비표적음/ESC-50_non_target/audio_by_category/glass_breaking/5-221528-A-39.wav,비표적음,esc50_221528,glass_breaking,ESC-50
비표적음/ESC-50_non_target/audio_by_category/glass_breaking/5-221529-A-39.wav,비표적음,esc50_221529,glass_breaking,ESC-50
비표적음/ESC-50_non_target/audio_by_category/clapping/5-221567-A-22.wav,비표적음,esc50_221567,clapping,ESC-50
비표적음/ESC-50_non_target/audio_by_category/clapping/5-221568-A-22.wav,비표적음,esc50_221568,clapping,ESC-50
비표적음/ESC-50_non_target/audio_by_category/sneezing/5-221593-A-21.wav,비표적음,esc50_221593,sneezing,ESC-50
비표적음/ESC-50_non_target/audio_by_category/can_opening/5-221878-A-34.wav,비표적음,esc50_221878,can_opening,ESC-50
비표적음/ESC-50_non_target/audio_by_category/clapping/5-221950-A-22.wav,비표적음,esc50_221950,clapping,ESC-50
비표적음/ESC-50_non_target/audio_by_category/crow/5-222041-A-9.wav,비표적음,esc50_222041,crow,ESC-50
비표적음/ESC-50_non_target/audio_by_category/chainsaw/5-222524-A-41.wav,비표적음,esc50_222524,chainsaw,ESC-50
비표적음/ESC-50_non_target/audio_by_category/keyboard_typing/5-222894-A-32.wav,비표적음,esc50_222894,keyboard_typing,ESC-50
비표적음/ESC-50_non_target/audio_by_category/keyboard_typing/5-223099-A-32.wav,비표적음,esc50_223099,keyboard_typing,ESC-50
비표적음/ESC-50_non_target/audio_by_category/keyboard_typing/5-223099-B-32.wav,비표적음,esc50_223099,keyboard_typing,ESC-50
비표적음/ESC-50_non_target/audio_by_category/mouse_click/5-223103-A-31.wav,비표적음,esc50_223103,mouse_click,ESC-50
비표적음/ESC-50_non_target/audio_by_category/clock_alarm/5-223176-A-37.wav,비표적음,esc50_223176,clock_alarm,ESC-50
비표적음/ESC-50_non_target/audio_by_category/mouse_click/5-223317-A-31.wav,비표적음,esc50_223317,mouse_click,ESC-50
비표적음/ESC-50_non_target/audio_by_category/washing_machine/5-223810-A-35.wav,비표적음,esc50_223810,washing_machine,ESC-50
비표적음/ESC-50_non_target/audio_by_category/vacuum_cleaner/5-231551-A-36.wav,비표적음,esc50_231551,vacuum_cleaner,ESC-50
비표적음/ESC-50_non_target/audio_by_category/dog/5-231762-A-0.wav,비표적음,esc50_231762,dog,ESC-50
비표적음/ESC-50_non_target/audio_by_category/engine/5-232272-A-44.wav,비표적음,esc50_232272,engine,ESC-50
비표적음/ESC-50_non_target/audio_by_category/mouse_click/5-232802-A-31.wav,비표적음,esc50_232802,mouse_click,ESC-50
비표적음/ESC-50_non_target/audio_by_category/breathing/5-232816-A-23.wav,비표적음,esc50_232816,breathing,ESC-50
비표적음/ESC-50_non_target/audio_by_category/mouse_click/5-233019-A-31.wav,비표적음,esc50_233019,mouse_click,ESC-50
비표적음/ESC-50_non_target/audio_by_category/rooster/5-233160-A-1.wav,비표적음,esc50_233160,rooster,ESC-50
비표적음/ESC-50_non_target/audio_by_category/breathing/5-233260-A-23.wav,비표적음,esc50_233260,breathing,ESC-50
비표적음/ESC-50_non_target/audio_by_category/snoring/5-233312-A-28.wav,비표적음,esc50_233312,snoring,ESC-50
비표적음/ESC-50_non_target/audio_by_category/glass_breaking/5-233605-A-39.wav,비표적음,esc50_233605,glass_breaking,ESC-50
비표적음/ESC-50_non_target/audio_by_category/glass_breaking/5-233607-A-39.wav,비표적음,esc50_233607,glass_breaking,ESC-50
비표적음/ESC-50_non_target/audio_by_category/clock_alarm/5-233645-A-37.wav,비표적음,esc50_233645,clock_alarm,ESC-50
비표적음/ESC-50_non_target/audio_by_category/insects/5-233787-A-7.wav,비표적음,esc50_233787,insects,ESC-50
비표적음/ESC-50_non_target/audio_by_category/snoring/5-234145-A-28.wav,비표적음,esc50_234145,snoring,ESC-50
비표적음/ESC-50_non_target/audio_by_category/clock_alarm/5-234247-A-37.wav,비표적음,esc50_234247,clock_alarm,ESC-50
비표적음/ESC-50_non_target/audio_by_category/footsteps/5-234263-A-25.wav,비표적음,esc50_234263,footsteps,ESC-50
비표적음/ESC-50_non_target/audio_by_category/breathing/5-234335-A-23.wav,비표적음,esc50_234335,breathing,ESC-50
비표적음/ESC-50_non_target/audio_by_category/footsteps/5-234855-A-25.wav,비표적음,esc50_234855,footsteps,ESC-50
비표적음/ESC-50_non_target/audio_by_category/rooster/5-234879-A-1.wav,비표적음,esc50_234879,rooster,ESC-50
비표적음/ESC-50_non_target/audio_by_category/rooster/5-234879-B-1.wav,비표적음,esc50_234879,rooster,ESC-50
비표적음/ESC-50_non_target/audio_by_category/keyboard_typing/5-234923-A-32.wav,비표적음,esc50_234923,keyboard_typing,ESC-50
비표적음/ESC-50_non_target/audio_by_category/engine/5-235507-A-44.wav,비표적음,esc50_235507,engine,ESC-50
비표적음/ESC-50_non_target/audio_by_category/breathing/5-235593-A-23.wav,비표적음,esc50_235593,breathing,ESC-50
비표적음/ESC-50_non_target/audio_by_category/clock_tick/5-235671-A-38.wav,비표적음,esc50_235671,clock_tick,ESC-50
비표적음/ESC-50_non_target/audio_by_category/snoring/5-235874-A-28.wav,비표적음,esc50_235874,snoring,ESC-50
비표적음/ESC-50_non_target/audio_by_category/snoring/5-235893-A-28.wav,비표적음,esc50_235893,snoring,ESC-50
비표적음/ESC-50_non_target/audio_by_category/airplane/5-235956-A-47.wav,비표적음,esc50_235956,airplane,ESC-50
비표적음/ESC-50_non_target/audio_by_category/snoring/5-236288-A-28.wav,비표적음,esc50_236288,snoring,ESC-50
비표적음/ESC-50_non_target/audio_by_category/can_opening/5-236299-A-34.wav,비표적음,esc50_236299,can_opening,ESC-50
비표적음/ESC-50_non_target/audio_by_category/mouse_click/5-237315-A-31.wav,비표적음,esc50_237315,mouse_click,ESC-50
비표적음/ESC-50_non_target/audio_by_category/frog/5-237499-A-4.wav,비표적음,esc50_237499,frog,ESC-50
비표적음/ESC-50_non_target/audio_by_category/can_opening/5-237795-A-34.wav,비표적음,esc50_237795,can_opening,ESC-50
비표적음/ESC-50_non_target/audio_by_category/washing_machine/5-238021-A-35.wav,비표적음,esc50_238021,washing_machine,ESC-50
비표적음/ESC-50_non_target/audio_by_category/breathing/5-238492-A-23.wav,비표적음,esc50_238492,breathing,ESC-50
비표적음/ESC-50_non_target/audio_by_category/mouse_click/5-238926-A-31.wav,비표적음,esc50_238926,mouse_click,ESC-50
비표적음/ESC-50_non_target/audio_by_category/brushing_teeth/5-238938-A-27.wav,비표적음,esc50_238938,brushing_teeth,ESC-50
비표적음/ESC-50_non_target/audio_by_category/engine/5-240671-A-44.wav,비표적음,esc50_240671,engine,ESC-50
비표적음/ESC-50_non_target/audio_by_category/water_drops/5-241846-A-15.wav,비표적음,esc50_241846,water_drops,ESC-50
비표적음/ESC-50_non_target/audio_by_category/chirping_birds/5-242490-A-14.wav,비표적음,esc50_242490,chirping_birds,ESC-50
비표적음/ESC-50_non_target/audio_by_category/chirping_birds/5-242491-A-14.wav,비표적음,esc50_242491,chirping_birds,ESC-50
비표적음/ESC-50_non_target/audio_by_category/cow/5-242492-A-3.wav,비표적음,esc50_242492,cow,ESC-50
비표적음/ESC-50_non_target/audio_by_category/crow/5-242711-A-9.wav,비표적음,esc50_242711,crow,ESC-50
비표적음/ESC-50_non_target/audio_by_category/laughing/5-242932-A-26.wav,비표적음,esc50_242932,laughing,ESC-50
비표적음/ESC-50_non_target/audio_by_category/laughing/5-242932-B-26.wav,비표적음,esc50_242932,laughing,ESC-50
비표적음/ESC-50_non_target/audio_by_category/footsteps/5-243025-A-25.wav,비표적음,esc50_243025,footsteps,ESC-50
비표적음/ESC-50_non_target/audio_by_category/drinking_sipping/5-243036-A-29.wav,비표적음,esc50_243036,drinking_sipping,ESC-50
비표적음/ESC-50_non_target/audio_by_category/chirping_birds/5-243448-A-14.wav,비표적음,esc50_243448,chirping_birds,ESC-50
비표적음/ESC-50_non_target/audio_by_category/chirping_birds/5-243449-A-14.wav,비표적음,esc50_243449,chirping_birds,ESC-50
비표적음/ESC-50_non_target/audio_by_category/chirping_birds/5-243450-A-14.wav,비표적음,esc50_243450,chirping_birds,ESC-50
비표적음/ESC-50_non_target/audio_by_category/chirping_birds/5-243459-A-14.wav,비표적음,esc50_243459,chirping_birds,ESC-50
비표적음/ESC-50_non_target/audio_by_category/chirping_birds/5-243459-B-14.wav,비표적음,esc50_243459,chirping_birds,ESC-50
비표적음/ESC-50_non_target/audio_by_category/drinking_sipping/5-243635-A-29.wav,비표적음,esc50_243635,drinking_sipping,ESC-50
비표적음/ESC-50_non_target/audio_by_category/engine/5-243773-A-44.wav,비표적음,esc50_243773,engine,ESC-50
비표적음/ESC-50_non_target/audio_by_category/engine/5-243773-B-44.wav,비표적음,esc50_243773,engine,ESC-50
비표적음/ESC-50_non_target/audio_by_category/engine/5-243783-A-44.wav,비표적음,esc50_243783,engine,ESC-50
비표적음/ESC-50_non_target/audio_by_category/keyboard_typing/5-244178-A-32.wav,비표적음,esc50_244178,keyboard_typing,ESC-50
비표적음/ESC-50_non_target/audio_by_category/footsteps/5-244310-A-25.wav,비표적음,esc50_244310,footsteps,ESC-50
비표적음/ESC-50_non_target/audio_by_category/hen/5-244315-A-6.wav,비표적음,esc50_244315,hen,ESC-50
비표적음/ESC-50_non_target/audio_by_category/hen/5-244315-B-6.wav,비표적음,esc50_244315,hen,ESC-50
비표적음/ESC-50_non_target/audio_by_category/hen/5-244315-C-6.wav,비표적음,esc50_244315,hen,ESC-50
비표적음/ESC-50_non_target/audio_by_category/can_opening/5-244327-A-34.wav,비표적음,esc50_244327,can_opening,ESC-50
비표적음/ESC-50_non_target/audio_by_category/snoring/5-244459-A-28.wav,비표적음,esc50_244459,snoring,ESC-50
비표적음/ESC-50_non_target/audio_by_category/laughing/5-244526-A-26.wav,비표적음,esc50_244526,laughing,ESC-50
비표적음/ESC-50_non_target/audio_by_category/mouse_click/5-244651-A-31.wav,비표적음,esc50_244651,mouse_click,ESC-50
비표적음/ESC-50_non_target/audio_by_category/can_opening/5-244933-A-34.wav,비표적음,esc50_244933,can_opening,ESC-50
비표적음/ESC-50_non_target/audio_by_category/washing_machine/5-245040-A-35.wav,비표적음,esc50_245040,washing_machine,ESC-50
비표적음/ESC-50_non_target/audio_by_category/hen/5-248341-A-6.wav,비표적음,esc50_248341,hen,ESC-50
비표적음/ESC-50_non_target/audio_by_category/hen/5-248341-B-6.wav,비표적음,esc50_248341,hen,ESC-50
비표적음/ESC-50_non_target/audio_by_category/hen/5-248341-C-6.wav,비표적음,esc50_248341,hen,ESC-50
비표적음/ESC-50_non_target/audio_by_category/snoring/5-249748-A-28.wav,비표적음,esc50_249748,snoring,ESC-50
비표적음/ESC-50_non_target/audio_by_category/clapping/5-249937-A-22.wav,비표적음,esc50_249937,clapping,ESC-50
비표적음/ESC-50_non_target/audio_by_category/hand_saw/5-250258-A-49.wav,비표적음,esc50_250258,hand_saw,ESC-50
비표적음/ESC-50_non_target/audio_by_category/clock_alarm/5-250629-A-37.wav,비표적음,esc50_250629,clock_alarm,ESC-50
비표적음/ESC-50_non_target/audio_by_category/can_opening/5-250753-A-34.wav,비표적음,esc50_250753,can_opening,ESC-50
비표적음/ESC-50_non_target/audio_by_category/coughing/5-251489-A-24.wav,비표적음,esc50_251489,coughing,ESC-50
비표적음/ESC-50_non_target/audio_by_category/airplane/5-251957-A-47.wav,비표적음,esc50_251957,airplane,ESC-50
비표적음/ESC-50_non_target/audio_by_category/airplane/5-251962-A-47.wav,비표적음,esc50_251962,airplane,ESC-50
비표적음/ESC-50_non_target/audio_by_category/airplane/5-251963-A-47.wav,비표적음,esc50_251963,airplane,ESC-50
비표적음/ESC-50_non_target/audio_by_category/airplane/5-251971-A-47.wav,비표적음,esc50_251971,airplane,ESC-50
비표적음/ESC-50_non_target/audio_by_category/can_opening/5-252248-A-34.wav,비표적음,esc50_252248,can_opening,ESC-50
비표적음/ESC-50_non_target/audio_by_category/cow/5-253085-A-3.wav,비표적음,esc50_253085,cow,ESC-50
비표적음/ESC-50_non_target/audio_by_category/cow/5-253085-B-3.wav,비표적음,esc50_253085,cow,ESC-50
비표적음/ESC-50_non_target/audio_by_category/hand_saw/5-253094-A-49.wav,비표적음,esc50_253094,hand_saw,ESC-50
비표적음/ESC-50_non_target/audio_by_category/hand_saw/5-253094-B-49.wav,비표적음,esc50_253094,hand_saw,ESC-50
비표적음/ESC-50_non_target/audio_by_category/hand_saw/5-253094-C-49.wav,비표적음,esc50_253094,hand_saw,ESC-50
비표적음/ESC-50_non_target/audio_by_category/hand_saw/5-253094-D-49.wav,비표적음,esc50_253094,hand_saw,ESC-50
비표적음/ESC-50_non_target/audio_by_category/hand_saw/5-253101-A-49.wav,비표적음,esc50_253101,hand_saw,ESC-50
비표적음/ESC-50_non_target/audio_by_category/hand_saw/5-253101-B-49.wav,비표적음,esc50_253101,hand_saw,ESC-50
비표적음/ESC-50_non_target/audio_by_category/hand_saw/5-253101-C-49.wav,비표적음,esc50_253101,hand_saw,ESC-50
비표적음/ESC-50_non_target/audio_by_category/laughing/5-253534-A-26.wav,비표적음,esc50_253534,laughing,ESC-50
비표적음/ESC-50_non_target/audio_by_category/clapping/5-254160-A-22.wav,비표적음,esc50_254160,clapping,ESC-50
비표적음/ESC-50_non_target/audio_by_category/water_drops/5-254832-A-15.wav,비표적음,esc50_254832,water_drops,ESC-50
비표적음/ESC-50_non_target/audio_by_category/water_drops/5-254832-B-15.wav,비표적음,esc50_254832,water_drops,ESC-50
비표적음/ESC-50_non_target/audio_by_category/cat/5-256452-A-5.wav,비표적음,esc50_256452,cat,ESC-50
비표적음/ESC-50_non_target/audio_by_category/water_drops/5-257349-A-15.wav,비표적음,esc50_257349,water_drops,ESC-50
비표적음/ESC-50_non_target/audio_by_category/glass_breaking/5-257642-A-39.wav,비표적음,esc50_257642,glass_breaking,ESC-50
비표적음/ESC-50_non_target/audio_by_category/chirping_birds/5-257839-A-14.wav,비표적음,esc50_257839,chirping_birds,ESC-50
비표적음/ESC-50_non_target/audio_by_category/cat/5-259169-A-5.wav,비표적음,esc50_259169,cat,ESC-50
비표적음/ESC-50_non_target/audio_by_category/water_drops/5-259180-A-15.wav,비표적음,esc50_259180,water_drops,ESC-50
비표적음/ESC-50_non_target/audio_by_category/laughing/5-259514-A-26.wav,비표적음,esc50_259514,laughing,ESC-50
비표적음/ESC-50_non_target/audio_by_category/drinking_sipping/5-259640-A-29.wav,비표적음,esc50_259640,drinking_sipping,ESC-50
비표적음/ESC-50_non_target/audio_by_category/can_opening/5-260011-A-34.wav,비표적음,esc50_260011,can_opening,ESC-50
비표적음/ESC-50_non_target/audio_by_category/breathing/5-260164-A-23.wav,비표적음,esc50_260164,breathing,ESC-50
비표적음/ESC-50_non_target/audio_by_category/glass_breaking/5-260432-A-39.wav,비표적음,esc50_260432,glass_breaking,ESC-50
비표적음/ESC-50_non_target/audio_by_category/glass_breaking/5-260433-A-39.wav,비표적음,esc50_260433,glass_breaking,ESC-50
비표적음/ESC-50_non_target/audio_by_category/glass_breaking/5-260434-A-39.wav,비표적음,esc50_260434,glass_breaking,ESC-50
비표적음/ESC-50_non_target/audio_by_category/washing_machine/5-260875-A-35.wav,비표적음,esc50_260875,washing_machine,ESC-50
비표적음/ESC-50_non_target/audio_by_category/crow/5-261325-A-9.wav,비표적음,esc50_261325,crow,ESC-50
비표적음/ESC-50_non_target/audio_by_category/water_drops/5-261433-A-15.wav,비표적음,esc50_261433,water_drops,ESC-50
비표적음/ESC-50_non_target/audio_by_category/water_drops/5-261439-A-15.wav,비표적음,esc50_261439,water_drops,ESC-50
비표적음/ESC-50_non_target/audio_by_category/breathing/5-261464-A-23.wav,비표적음,esc50_261464,breathing,ESC-50
비표적음/ESC-50_non_target/audio_by_category/water_drops/5-262641-A-15.wav,비표적음,esc50_262641,water_drops,ESC-50
비표적음/ESC-50_non_target/audio_by_category/clapping/5-262957-A-22.wav,비표적음,esc50_262957,clapping,ESC-50
비표적음/ESC-50_non_target/audio_by_category/footsteps/5-263490-A-25.wav,비표적음,esc50_263490,footsteps,ESC-50
비표적음/ESC-50_non_target/audio_by_category/footsteps/5-263491-A-25.wav,비표적음,esc50_263491,footsteps,ESC-50
비표적음/ESC-50_non_target/audio_by_category/footsteps/5-263501-A-25.wav,비표적음,esc50_263501,footsteps,ESC-50
비표적음/ESC-50_non_target/audio_by_category/laughing/5-263775-A-26.wav,비표적음,esc50_263775,laughing,ESC-50
비표적음/ESC-50_non_target/audio_by_category/laughing/5-263775-B-26.wav,비표적음,esc50_263775,laughing,ESC-50
비표적음/ESC-50_non_target/audio_by_category/hen/5-263831-A-6.wav,비표적음,esc50_263831,hen,ESC-50
비표적음/ESC-50_non_target/audio_by_category/hen/5-263831-B-6.wav,비표적음,esc50_263831,hen,ESC-50
비표적음/ESC-50_non_target/audio_by_category/vacuum_cleaner/5-263902-A-36.wav,비표적음,esc50_263902,vacuum_cleaner,ESC-50
비표적음/ESC-50_non_target/audio_by_category/footsteps/5-51149-A-25.wav,비표적음,esc50_51149,footsteps,ESC-50
비표적음/ESC-50_non_target/audio_by_category/sheep/5-61635-A-8.wav,비표적음,esc50_61635,sheep,ESC-50
비표적음/ESC-50_non_target/audio_by_category/dog/5-9032-A-0.wav,비표적음,esc50_9032,dog,ESC-50
